mp_code,mp_formal_name,changes
"00020877","TEVA-AMPICILLIN (ampicillin (ampicillin trihydrate) 250 mg oral capsule) TEVA CANADA LIMITED","ADDED"
"00020885","TEVA-AMPICILLIN (ampicillin (ampicillin trihydrate) 500 mg oral capsule) TEVA CANADA LIMITED","ADDED"
"00293482","ATASOL TAB 325MG (acetaminophen 325 mg oral tablet) CHURCH & DWIGHT CANADA CORP","ADDED"
"00293490","ATASOL 8 (acetaminophen 325 mg and caffeine citrate 30 mg and codeine phosphate 8 mg oral tablet) CHURCH & DWIGHT CANADA CORP","mp_status_effective_time: ""19751231"" -> ""20171231"""
"00313580","DIAZEPAM 5 TAB (diazepam 5 mg oral tablet) PRO DOC LIMITEE","mp_status_effective_time: ""20170505"" -> ""19741231"""
"00340731","ORTHO 0.5/35 TABLETS (28 DAY) (ethinyl estradiol 35 mcg and norethindrone 0.5 mg oral tablet with lactose oral tablet) JANSSEN INC","mp_status: ""ACTIVE"" -> ""INACTIVE"""
"00372838","ORTHO 1/35 TABLETS (28 DAY) ethinyl estradiol 35 mcg and norethindrone 1 mg oral tablet with lactose oral tablet) JANSSEN INC","mp_status: ""ACTIVE"" -> ""INACTIVE"""
"00391603","NOVO-PEN VK SYR 500000/5ML (penicillin v potassium 300 mg per 5 mL powder for oral solution) NOVOPHARM LIMITED","mp_status: ""ACTIVE"" -> ""INACTIVE"""
"00417289","VISKEN (pindolol 15 mg oral tablet) TRIBUTE PHARMACEUTICALS CANADA INC","mp_status: ""ACTIVE"" -> ""INACTIVE"""
"00443840","DEPAKENE (valproic acid (sodium valproate) 250 mg oral capsule) BGP PHARMA ULC","ADDED"
"00512524","PROTRIN DF TAB (sulfamethoxazole 800 mg and trimethoprim 160 mg oral tablet) PRO DOC LIMITEE","ADDED"
"00518123","LECTOPAM TAB 3MG (bromazepam 3 mg oral tablet) HOFFMANN-LA ROCHE LIMITED","mp_status_effective_time: ""19811231"" -> ""20180228"""
"00518131","LECTOPAM TAB 6MG (bromazepam 6 mg oral tablet) HOFFMANN-LA ROCHE LIMITED","mp_status_effective_time: ""19811231"" -> ""20180331"""
"00519367","PRO-TRIAZIDE (hydrochlorothiazide 25 mg and triamterene 50 mg oral tablet) PRO DOC LIMITEE","mp_status_effective_time: ""20170505"" -> ""19851231"""
"00578487","FLURAZEPAM 30 (flurazepam hydrochloride 30 mg oral capsule) PRO DOC LIMITEE","mp_status_effective_time: ""20170630"" -> ""19821231"""
"00602957","ORTHO 7/7/7 TABLETS (21 DAY) (ethinyl estradiol 35 mcg and norethindrone 0.5 mg oral tablet with ethinyl estradiol 35 mcg and norethindrone 0.75 mg oral tablet with ethinyl estradiol 35 mcg and norethindrone 1 mg oral tablett) JANSSEN INC","mp_status: ""ACTIVE"" -> ""INACTIVE"""
"00602965","ORTHO 7/7/7 TABLETS (28 DAY) (ethinyl estradiol 35 mcg and norethindrone 0.5 mg oral tablet with ethinyl estradiol 35 mcg and norethindrone  0.75 mg oral tablet with ethinyl estradiol 35 mcg and norethindrone 1 mg oral tablet with lactose oral tablet) JANSSEN INC","mp_status: ""ACTIVE"" -> ""INACTIVE"""
"00614262","NITROJECT INJ 1MG/ML (nitroglycerin 100 mg per 10 mL solution for injection vial) OMEGA LABORATORIES LTD","mp_formal_name: ""NITROJECT INJ 1MG/ML (nitroglycerin 100 mg per 10 mL solution for injection vial) OMEGA LABORATORIES LTD"" -> ""NITROJECT INJ 1MG/ML (nitroglycerin 10 mg per 10 mL solution for injection vial) OMEGA LABORATORIES LTD"""
"00636533","IBUPROFEN TAB 400MG (ibuprofen 400 mg oral tablet) PRO DOC LIMITEE","mp_status_effective_time: ""20170505"" -> ""19851231"""
"00665088","TEGRETOL CHEWTABS 200 MG (carbamazepine 200 mg chewable tablet) NOVARTIS PHARMACEUTICALS CANADA INC","mp_status: ""ACTIVE"" -> ""INACTIVE"""
"00704423","ANDROCUR DEPOT (cyproterone acetate 100 mg per mL solution for injection) BAYER INC","mp_formal_name: ""ANDROCUR DEPOT (cyproterone acetate 100 mg per mL solution for injection) BAYER INC"" -> ""ANDROCUR DEPOT (cyproterone acetate 300 mg per 3 mL solution for injection ampoule) BAYER INC"""
"00710814","EPINEPHRINE INJ 0.1MG/ML USP (epinephrine 1 mg per 10 mL solution for injection syringe) HOSPIRA HEALTHCARE CORPORATION","Health_Canada_product_name: ""EPINEPHRINE INJ 0.1MG/ML USP"" -> ""EPINEPHRINE INJECTION USP""
mp_formal_name: ""EPINEPHRINE INJ 0.1MG/ML USP (epinephrine 1 mg per 10 mL solution for injection syringe) HOSPIRA HEALTHCARE CORPORATION"" -> ""EPINEPHRINE INJECTION USP (epinephrine 1 mg per 10 mL solution for injection syringe) PFIZER CANADA INC"""
"00721891","EPINEPHRINE INJ 1MG/ML USP (epinephrine 1 mg per 1 mL solution for injection ampoule) HOSPIRA HEALTHCARE CORPORATION","Health_Canada_product_name: ""EPINEPHRINE INJ 1MG/ML USP"" -> ""EPINEPHRINE INJECTION USP""
mp_formal_name: ""EPINEPHRINE INJ 1MG/ML USP (epinephrine 1 mg per 1 mL solution for injection ampoule) HOSPIRA HEALTHCARE CORPORATION"" -> ""EPINEPHRINE INJECTION USP (epinephrine 1 mg per 1 mL solution for injection ampoule) PFIZER CANADA INC"""
"00739839","SANDOZ DEXAMETHASONE (dexamethasone phosphate (dexamethasone sodium phosphate) 0.1 % ophthalmic/otic drops) SANDOZ CANADA INCORPORATED","mp_status: ""ACTIVE"" -> ""INACTIVE"""
"00755842","APO-TIMOL TABLETS 5MG (timolol maleate 5 mg oral tablet) APOTEX INC","Health_Canada_product_name: ""APO-TIMOL TABLETS 5MG"" -> ""TIMOLOL""
mp_formal_name: ""APO-TIMOL TABLETS 5MG (timolol maleate 5 mg oral tablet) APOTEX INC"" -> ""TIMOLOL (timolol maleate 5 mg oral tablet) AA PHARMA INC"""
"00755850","APO-TIMOL TABLETS 10MG (timolol maleate 10 mg oral tablet) APOTEX INC","Health_Canada_product_name: ""APO-TIMOL TABLETS 10MG"" -> ""TIMOLOL""
mp_formal_name: ""APO-TIMOL TABLETS 10MG (timolol maleate 10 mg oral tablet) APOTEX INC"" -> ""TIMOLOL (timolol maleate 10 mg oral tablet) AA PHARMA INC"""
"00755869","APO-TIMOL TABLETS 20MG (timolol maleate 20 mg oral tablet) APOTEX INC","Health_Canada_product_name: ""APO-TIMOL TABLETS 20MG"" -> ""TIMOLOL""
mp_formal_name: ""APO-TIMOL TABLETS 20MG (timolol maleate 20 mg oral tablet) APOTEX INC"" -> ""TIMOLOL (timolol maleate 20 mg oral tablet) AA PHARMA INC"""
"00778869","NITROJECT INJ 5MG/ML (nitroglycerin 500 mg per 10 mL solution for injection vial) OMEGA LABORATORIES LTD","mp_formal_name: ""NITROJECT INJ 5MG/ML (nitroglycerin 500 mg per 10 mL solution for injection vial) OMEGA LABORATORIES LTD"" -> ""NITROJECT INJ 5MG/ML (nitroglycerin 50 mg per 10 mL solution for injection vial) OMEGA LABORATORIES LTD"""
"00782327","ANDRIOL (testosterone undecanoate 40 mg oral capsule) MERCK CANADA INC","mp_status: ""ACTIVE"" -> ""INACTIVE"""
"00804541","PREVEX B (betamethasone (betamethasone valerate) 0.1 % cutaneous cream) GLAXOSMITHKLINE INC","mp_status: ""ACTIVE"" -> ""INACTIVE"""
"00860778","NITROGLYCERIN INJECTION USP (nitroglycerin 500 mg per 10 mL solution for injection vial) SANDOZ CANADA INCORPORATED","mp_formal_name: ""NITROGLYCERIN INJECTION USP (nitroglycerin 500 mg per 10 mL solution for injection vial) SANDOZ CANADA INCORPORATED"" -> ""NITROGLYCERIN INJECTION USP (nitroglycerin 50 mg per 10 mL solution for injection vial) SANDOZ CANADA INCORPORATED"""
"00870943","AMI-HYDRO TAB (amiloride hydrochloride 5 mg and hydrochlorothiazide 50 mg oral tablet) PRO DOC LIMITEE","mp_status: ""ACTIVE"" -> ""INACTIVE"""
"00885835","LOTENSIN 5MG (benazepril hydrochloride 5 mg oral tablet) NOVARTIS PHARMACEUTICALS CANADA INC","mp_status: ""ACTIVE"" -> ""INACTIVE"""
"00891835","DIFLUCAN INJ 2MG/ML (fluconazole 200 mg per 100 mL solution for injection bottle) PFIZER CANADA INC","mp_formal_name: ""DIFLUCAN INJ 2MG/ML (fluconazole 200 mg per 100 mL solution for injection bottle) PFIZER CANADA INC"" -> ""DIFLUCAN INJ 2MG/ML (fluconazole 200 mg per 100 mL solution for injection vial) PFIZER CANADA INC"""
"01905864","ACETAMINOPHEN SOLUTION ORAL GTTE 80MG/ML USP (acetaminophen 80 mg per mL NA) LABORATOIRES TRIANON INC","mp_formal_name: ""ACETAMINOPHEN SOLUTION ORAL GTTE 80MG/ML USP (acetaminophen 80 mg per mL NA) LABORATOIRES TRIANON INC"" -> ""ACETAMINOPHEN SOLUTION ORAL GTTE 80MG/ML USP (acetaminophen 80 mg per mL oral drops) LABORATOIRES TRIANON INC"""
"01914030","MESASAL (mesalazine 500 mg gastro-resistant tablet) GLAXOSMITHKLINE INC","ADDED"
"01916181","SANDOZ PREDNISOLONE (prednisolone acetate 0.12 % ophthalmic drops) SANDOZ CANADA INCORPORATED","mp_status: ""ACTIVE"" -> ""INACTIVE"""
"01926845","FLAGYSTATIN CREAM (metronidazole 500 mg per 4.5 g and nystatin 100000 unit per 4.5 g vaginal cream) SANOFI-AVENTIS CANADA INC","mp_status: ""ACTIVE"" -> ""INACTIVE"""
"01927698","NOZINAN INJ 25MG/ML (methotrimeprazine (methotrimeprazine hydrochloride) 25 mg per mL solution for injection) SANOFI-AVENTIS CANADA INC","mp_formal_name: ""NOZINAN INJ 25MG/ML (methotrimeprazine (methotrimeprazine hydrochloride) 25 mg per mL solution for injection) SANOFI-AVENTIS CANADA INC"" -> ""NOZINAN INJ 25MG/ML (methotrimeprazine (methotrimeprazine hydrochloride) 25 mg per 1 mL solution for injection ampoule) SANOFI-AVENTIS CANADA INC"""
"01958836","ACETAMINOPHEN ORAL SOL FOR CHILDREN USP (acetaminophen 160 mg per 5 mL oral liquid) LABORATOIRES TRIANON INC","mp_formal_name: ""ACETAMINOPHEN ORAL SOL FOR CHILDREN USP (acetaminophen 160 mg per 5 mL oral liquid) LABORATOIRES TRIANON INC"" -> ""ACETAMINOPHEN ORAL SOL FOR CHILDREN USP (acetaminophen 160 mg per 5 mL oral solution) LABORATOIRES TRIANON INC"""
"01977555","TRIAMCINOLONE DIACETATE SUSPENSION (triamcinolone diacetate 40 mg per mL suspension for injection) STERIMAX INC","ADDED"
"02043394","PREMARIN (conjugated estrogens 0.3 mg oral tablet) PFIZER CANADA INC","mp_status: ""ACTIVE"" -> ""INACTIVE"""
"02043408","PREMARIN (conjugated estrogens 0.625 mg oral tablet) PFIZER CANADA INC","mp_status: ""ACTIVE"" -> ""INACTIVE"""
"02043424","PREMARIN (conjugated estrogens 1.25 mg oral tablet) PFIZER CANADA INC","mp_status: ""ACTIVE"" -> ""INACTIVE"""
"02046059","INFANTS' TYLENOL ACETAMINOPHEN SUS DPS (acetaminophen 80 mg per 1 mL NA) MCNEIL CONSUMER HEALTHCARE DIVISION OF JOHNSON & JOHNSON INC","mp_formal_name: ""INFANTS' TYLENOL ACETAMINOPHEN SUS DPS (acetaminophen 80 mg per 1 mL NA) MCNEIL CONSUMER HEALTHCARE DIVISION OF JOHNSON & JOHNSON INC"" -> ""INFANTS' TYLENOL ACETAMINOPHEN SUS DPS (acetaminophen 80 mg per 1 mL oral drops, suspension) MCNEIL CONSUMER HEALTHCARE DIVISION OF JOHNSON & JOHNSON INC"""
"02046245","PREVORA STAGE 1 (chlorhexidine acetate 10 % NA) CHX TECHNOLOGIES INC","mp_formal_name: ""PREVORA STAGE 1 (chlorhexidine acetate 10 % NA) CHX TECHNOLOGIES INC"" -> ""PREVORA STAGE 1 (chlorhexidine acetate 10 % kit) CHX TECHNOLOGIES INC"""
"02048264","DIGOXIN INJECTION C.S.D. (digoxin 1 mg per 2 mL solution for injection ampoule) SANDOZ CANADA INCORPORATED","mp_formal_name: ""DIGOXIN INJECTION C.S.D. (digoxin 1 mg per 2 mL solution for injection ampoule) SANDOZ CANADA INCORPORATED"" -> ""DIGOXIN INJECTION C.S.D. (digoxin 0.5 mg per 2 mL solution for injection ampoule) SANDOZ CANADA INCORPORATED"""
"02083884","SOLUPREP ANTISEPTIC SKIN CLEANSER PREOPERATIVE KIT (chlorhexidine gluconate 4 % cutaneous spray) 3M CANADA COMPANY","ADDED"
"02148706","NALOXONE HCL INJECTION - 0.4MG/ML USP (naloxone hydrochloride 0.4 mg per mL solution for injection) SANDOZ CANADA INCORPORATED","DELETED"
"02148714","NALOXONE HCL INJECTION - 1MG/ML USP (naloxone hydrochloride 1 mg per mL solution for injection) SANDOZ CANADA INCORPORATED","mp_formal_name: ""NALOXONE HCL INJECTION - 1MG/ML USP (naloxone hydrochloride 1 mg per mL solution for injection) SANDOZ CANADA INCORPORATED"" -> ""NALOXONE HCL INJECTION - 1MG/ML USP (naloxone hydrochloride 2 mg per 2 mL solution for injection vial) SANDOZ CANADA INCORPORATED"""
"02157195","TEVA-DOMPERIDONE (domperidone (domperidone maleate) 10 mg oral tablet) TEVA CANADA LIMITED","mp_status: ""ACTIVE"" -> ""INACTIVE""
mp_status_effective_time: ""19970917"" -> ""20180227"""
"02163659","CEFZIL TABLETS - 250MG (cefprozil 250 mg oral tablet) BRISTOL-MYERS SQUIBB CANADA","mp_status: ""ACTIVE"" -> ""INACTIVE"""
"02163667","CEFZIL TABLETS - 500MG (cefprozil 500 mg oral tablet) BRISTOL-MYERS SQUIBB CANADA","mp_status: ""ACTIVE"" -> ""INACTIVE"""
"02204266","DEXAMETHASONE-OMEGA (dexamethasone phosphate (dexamethasone sodium phosphate) 4 mg per 1 mL solution for injection vial) OMEGA LABORATORIES LTD","ADDED"
"02212366","ZANTAC (ranitidine (ranitidine hydrochloride) 100 mg per 2 mL solution for injection vial) GLAXOSMITHKLINE INC","mp_formal_name: ""ZANTAC (ranitidine (ranitidine hydrochloride) 100 mg per 2 mL solution for injection vial) GLAXOSMITHKLINE INC"" -> ""ZANTAC (ranitidine (ranitidine hydrochloride) 50 mg per 2 mL solution for injection vial) GLAXOSMITHKLINE INC"""
"02213672","FLONASE - AEM-SUS NAS  50MCG/MD (fluticasone propionate 50 mcg per actuation nasal spray) GLAXOSMITHKLINE INC","ADDED"
"02213745","ZOFRAN (ondansetron (ondansetron hydrochloride dihydrate) 2 mg per mL solution for injection) NOVARTIS PHARMACEUTICALS CANADA INC","DELETED"
"02229519","MYLAN-GLICLAZIDE (gliclazide 80 mg oral tablet) MYLAN PHARMACEUTICALS ULC","mp_status: ""ACTIVE"" -> ""INACTIVE"""
"02229760","TEMAZEPAM-15 (temazepam 15 mg oral capsule) PRO DOC LIMITEE","mp_status: ""ACTIVE"" -> ""INACTIVE"""
"02229761","TEMAZEPAM-30 (temazepam 30 mg oral capsule) PRO DOC LIMITEE","mp_status: ""ACTIVE"" -> ""INACTIVE"""
"02231390","APO-CROMOLYN NASAL SPRAY (cromolyn sodium 2 % NA) APOTEX INC","mp_formal_name: ""APO-CROMOLYN NASAL SPRAY (cromolyn sodium 2 % NA) APOTEX INC"" -> ""APO-CROMOLYN NASAL SPRAY (cromolyn sodium 2 % nasal spray) APOTEX INC"""
"02231491","MYLAN-AZATHIOPRINE (azathioprine 50 mg oral tablet) MYLAN PHARMACEUTICALS ULC","mp_status: ""ACTIVE"" -> ""INACTIVE"""
"02231675","COMBIVENT UDV (ipratropium bromide (ipratropium bromide monohydrate) 0.2 mg per mL and salbutamol (salbutamol sulfate) 1 mg per mL inhalation solution) BOEHRINGER INGELHEIM (CANADA) LTD LTEE","mp_formal_name: ""COMBIVENT UDV (ipratropium bromide (ipratropium bromide monohydrate) 0.2 mg per mL and salbutamol (salbutamol sulfate) 1 mg per mL inhalation solution) BOEHRINGER INGELHEIM (CANADA) LTD LTEE"" -> ""COMBIVENT UDV (ipratropium bromide (ipratropium bromide monohydrate) 0.5 mg per 2.5 mL and salbutamol (salbutamol sulfate) 2.5 mg per 2.5 mL inhalation solution unit dose vial) BOEHRINGER INGELHEIM (CANADA) LTD LTEE"""
"02232903","PMS-METHOTRIMEPRAZINE (methotrimeprazine (methotrimeprazine maleate) 5 mg oral tablet) PHARMASCIENCE INC","mp_status: ""ACTIVE"" -> ""INACTIVE"""
"02232904","PMS-METHOTRIMEPRAZINE (methotrimeprazine (methotrimeprazine maleate) 25 mg oral tablet) PHARMASCIENCE INC","mp_status: ""ACTIVE"" -> ""INACTIVE"""
"02232905","PMS-METHOTRIMEPRAZINE (methotrimeprazine (methotrimeprazine maleate) 50 mg oral tablet) PHARMASCIENCE INC","mp_status: ""ACTIVE"" -> ""INACTIVE"""
"02236548","RIVA-GLYBURIDE (glyburide 5 mg oral tablet) PHARMEL INC","mp_status: ""ACTIVE"" -> ""INACTIVE"""
"02237420","ACETAMINOPHEN, CAFFEINE & 8MG CODEINE PHOSPHATE (acetaminophen 300 mg and caffeine 15 mg and codeine phosphate 8 mg oral tablet) PHARMASCIENCE INC","mp_status: ""ACTIVE"" -> ""INACTIVE"""
"02237887","MYLAN-ACEBUTOLOL (TYPE S) (acebutolol (acebutolol hydrochloride) 400 mg oral tablet) MYLAN PHARMACEUTICALS ULC","mp_status: ""ACTIVE"" -> ""INACTIVE"""
"02238525","HP-PAC (amoxicillin 500 mg and clarithromycin 500 mg and lansoprazole 30 mg NA) TAKEDA PHARMACEUTICALS AMERICA INC","mp_formal_name: ""HP-PAC (amoxicillin 500 mg and clarithromycin 500 mg and lansoprazole 30 mg NA) TAKEDA PHARMACEUTICALS AMERICA INC"" -> ""HP-PAC (amoxicillin 500 mg and clarithromycin 500 mg and lansoprazole 30 mg kit) TAKEDA PHARMACEUTICALS AMERICA INC"""
"02239577","PMS-TOBRAMYCIN 0.3% OPHTHALMIC SOLUTION (tobramycin 3 mg per mL ophthalmic drops) PHARMASCIENCE INC","mp_status: ""ACTIVE"" -> ""INACTIVE"""
"02239616","PANTO IV (pantoprazole (pantoprazole sodium) 40 mg per vial powder for solution for injection) TAKEDA CANADA INC","ADDED"
"02240341","DIVALPROEX-125 (valproic acid (divalproex sodium) 125 mg gastro-resistant tablet) PRO DOC LIMITEE","DELETED"
"02242470","CORVERT (ibutilide fumarate 0.1 mg per mL solution for injection) PFIZER CANADA INC","mp_formal_name: ""CORVERT (ibutilide fumarate 0.1 mg per mL solution for injection) PFIZER CANADA INC"" -> ""CORVERT (ibutilide fumarate 1 mg per 10 mL solution for injection vial) PFIZER CANADA INC"""
"02242520","MYLAN-SERTRALINE (sertraline (sertraline hydrochloride) 50 mg oral capsule) MYLAN PHARMACEUTICALS ULC","mp_status_effective_time: ""20000724"" -> ""20180309"""
"02242878","PREMPLUS (conjugated estrogens 0.625 mg and medroxyprogesterone acetate 2.5 mg NA) PFIZER CANADA INC","mp_formal_name: ""PREMPLUS (conjugated estrogens 0.625 mg and medroxyprogesterone acetate 2.5 mg NA) PFIZER CANADA INC"" -> ""PREMPLUS (conjugated estrogens 0.625 mg and medroxyprogesterone acetate 2.5 mg kit) PFIZER CANADA INC"""
"02242879","PREMPLUS (conjugated estrogens 0.625 mg and medroxyprogesterone acetate 5 mg NA) PFIZER CANADA INC","mp_formal_name: ""PREMPLUS (conjugated estrogens 0.625 mg and medroxyprogesterone acetate 5 mg NA) PFIZER CANADA INC"" -> ""PREMPLUS (conjugated estrogens 0.625 mg and medroxyprogesterone acetate 5 mg kit) PFIZER CANADA INC"""
"02243050","CLINDETS (clindamycin (clindamycin phosphate) 1 % pad) GLAXOSMITHKLINE INC","mp_status: ""ACTIVE"" -> ""INACTIVE"""
"02243431","MYLAN-NAPROXEN EC (naproxen 250 mg gastro-resistant tablet) MYLAN PHARMACEUTICALS ULC","mp_status: ""ACTIVE"" -> ""INACTIVE"""
"02245345","ANDROGEL (testosterone 1 % cutaneous gel 2.5 g sachet) BGP PHARMA ULC","mp_formal_name: ""ANDROGEL (testosterone 1 % cutaneous gel 2.5 g sachet) BGP PHARMA ULC"" -> ""ANDROGEL (testosterone 1 % transdermal gel 2.5 g sachet) BGP PHARMA ULC"""
"02245346","ANDROGEL (testosterone 1 % cutaneous gel 5 g sachet) BGP PHARMA ULC","mp_formal_name: ""ANDROGEL (testosterone 1 % cutaneous gel 5 g sachet) BGP PHARMA ULC"" -> ""ANDROGEL (testosterone 1 % transdermal gel 5 g sachet) BGP PHARMA ULC"""
"02245649","MYLAN-CIPROFLOXACIN (ciprofloxacin (ciprofloxacin hydrochloride) 750 mg oral tablet) MYLAN PHARMACEUTICALS ULC","mp_status: ""ACTIVE"" -> ""INACTIVE"""
"02245686","CALCITRIOL INJECTION (calcitriol 1 mcg per 1 mL solution for injection ampoule) FRESENIUS KABI CANADA LTD","DELETED"
"02247086","AVANDAMET (metformin hydrochloride 500 mg and rosiglitazone (rosiglitazone maleate) 2 mg oral tablet) GLAXOSMITHKLINE INC","ADDED"
"02247087","AVANDAMET (metformin hydrochloride 500 mg and rosiglitazone (rosiglitazone maleate) 4 mg oral tablet) GLAXOSMITHKLINE INC","ADDED"
"02247704","RISPERDAL M-TAB (risperidone 0.5 mg orodispersible tablet) JANSSEN INC","ADDED"
"02247749","FLUCONAZOLE OMEGA (fluconazole 2 mg per mL solution for injection) OMEGA LABORATORIES LTD","mp_formal_name: ""FLUCONAZOLE OMEGA (fluconazole 2 mg per mL solution for injection) OMEGA LABORATORIES LTD"" -> ""FLUCONAZOLE OMEGA (fluconazole 200 mg per 100 mL solution for injection vial) OMEGA LABORATORIES LTD"""
"02247922","FLUCONAZOLE INJECTION (fluconazole 2 mg per mL solution for injection) TEVA CANADA LIMITED","DELETED"
"02248008","SANDOZ GLYBURIDE (glyburide 2.5 mg oral tablet) SANDOZ CANADA INCORPORATED","mp_status: ""ACTIVE"" -> ""INACTIVE"""
"02248009","SANDOZ GLYBURIDE (glyburide 5 mg oral tablet) SANDOZ CANADA INCORPORATED","mp_status: ""ACTIVE"" -> ""INACTIVE"""
"02248128","AXERT 6.25MG (almotriptan (almotriptan malate) 6.25 mg oral tablet) MCNEIL CONSUMER HEALTHCARE DIVISION OF JOHNSON & JOHNSON INC","mp_status_effective_time: ""20031208"" -> ""20171027"""
"02248129","AXERT 12.5MG (almotriptan (almotriptan malate) 12.5 mg oral tablet) MCNEIL CONSUMER HEALTHCARE DIVISION OF JOHNSON & JOHNSON INC","mp_status_effective_time: ""20031208"" -> ""20171027"""
"02248440","AVANDAMET (metformin hydrochloride 1000 mg and rosiglitazone (rosiglitazone maleate) 2 mg oral tablet) GLAXOSMITHKLINE INC","ADDED"
"02248441","AVANDAMET (metformin hydrochloride 1000 mg and rosiglitazone (rosiglitazone maleate) 4 mg oral tablet) GLAXOSMITHKLINE INC","ADDED"
"02248443","FLUCONAZOLE INJECTION (fluconazole 2 mg per mL solution for injection) SANDOZ CANADA INCORPORATED","mp_formal_name: ""FLUCONAZOLE INJECTION (fluconazole 2 mg per mL solution for injection) SANDOZ CANADA INCORPORATED"" -> ""FLUCONAZOLE INJECTION (fluconazole 200 mg per 100 mL solution for injection vial) SANDOZ CANADA INCORPORATED"""
"02248454","CLOBAZAM-10 (clobazam 10 mg oral tablet) PRO DOC LIMITEE","mp_status: ""ACTIVE"" -> ""INACTIVE"""
"02248856","MYLAN-CLARITHROMYCIN (clarithromycin 250 mg oral tablet) MYLAN PHARMACEUTICALS ULC","mp_status: ""ACTIVE"" -> ""INACTIVE"""
"02248992","ZOMIG NASAL SPRAY (zolmitriptan 2.5 mg per spray nasal spray) ASTRAZENECA CANADA INC","mp_formal_name: ""ZOMIG NASAL SPRAY (zolmitriptan 2.5 mg per spray nasal spray) ASTRAZENECA CANADA INC"" -> ""ZOMIG NASAL SPRAY (zolmitriptan 2.5 mg per actuation nasal spray) ASTRAZENECA CANADA INC"""
"02248993","ZOMIG NASAL SPRAY (zolmitriptan 5 mg per spray nasal spray) ASTRAZENECA CANADA INC","mp_formal_name: ""ZOMIG NASAL SPRAY (zolmitriptan 5 mg per spray nasal spray) ASTRAZENECA CANADA INC"" -> ""ZOMIG NASAL SPRAY (zolmitriptan 5 mg per actuation nasal spray) ASTRAZENECA CANADA INC"""
"02249499","ANDROGEL (testosterone 1 % cutaneous gel) BGP PHARMA ULC","mp_formal_name: ""ANDROGEL (testosterone 1 % cutaneous gel) BGP PHARMA ULC"" -> ""ANDROGEL (testosterone 1 % transdermal gel) BGP PHARMA ULC"""
"02254735","OXYTROL (oxybutynin 3.9 mg per 24 hour transdermal patch) ALLERGAN PHARMA CO.","mp_formal_name: ""OXYTROL (oxybutynin 3.9 mg per 24 hour transdermal patch) ALLERGAN PHARMA CO."" -> ""OXYTROL (oxybutynin 3.9 mg per 24 hour transdermal patch) ALLERGAN INC"""
"02256711","RANITIDINE INJECTION USP (ranitidine (ranitidine hydrochloride) 100 mg per 2 mL solution for injection vial) SANDOZ CANADA INCORPORATED","mp_formal_name: ""RANITIDINE INJECTION USP (ranitidine (ranitidine hydrochloride) 100 mg per 2 mL solution for injection vial) SANDOZ CANADA INCORPORATED"" -> ""RANITIDINE INJECTION USP (ranitidine (ranitidine hydrochloride) 50 mg per 2 mL solution for injection vial) SANDOZ CANADA INCORPORATED"""
"02256789","CIPROFLOXACIN INJECTION USP (ciprofloxacin 10 mg per mL solution for injection) SANDOZ CANADA INCORPORATED","DELETED"
"02257092","MYLAN-PRAVASTATIN (pravastatin sodium 10 mg oral tablet) MYLAN PHARMACEUTICALS ULC","mp_status: ""ACTIVE"" -> ""INACTIVE"""
"02257106","MYLAN-PRAVASTATIN (pravastatin sodium 20 mg oral tablet) MYLAN PHARMACEUTICALS ULC","mp_status: ""ACTIVE"" -> ""INACTIVE"""
"02257114","MYLAN-PRAVASTATIN (pravastatin sodium 40 mg oral tablet) MYLAN PHARMACEUTICALS ULC","mp_status: ""ACTIVE"" -> ""INACTIVE"""
"02258218","IRINOTECAN HYDROCHLORIDE INJECTION (irinotecan hydrochloride 20 mg per mL solution for injection) HOSPIRA HEALTHCARE CORPORATION","Health_Canada_product_name: ""IRINOTECAN HYDROCHLORIDE INJECTION"" -> ""IRINOTECAN HYDROCHLORIDE INJECTION USP""
mp_formal_name: ""IRINOTECAN HYDROCHLORIDE INJECTION (irinotecan hydrochloride 20 mg per mL solution for injection) HOSPIRA HEALTHCARE CORPORATION"" -> ""IRINOTECAN HYDROCHLORIDE INJECTION USP (irinotecan hydrochloride 20 mg per mL solution for injection) PFIZER CANADA INC"""
"02262401","MYLAN-FOSINOPRIL (fosinopril sodium 10 mg oral tablet) MYLAN PHARMACEUTICALS ULC","mp_status: ""ACTIVE"" -> ""INACTIVE"""
"02265524","ONDANSETRON INJECTION PRESERVATIVE-FREE (ondansetron (ondansetron hydrochloride dihydrate) 2 mg per mL solution for injection) TEVA CANADA LIMITED","DELETED"
"02265532","ONDANSETRON INJECTION WITH PRESERVATIVE (ondansetron (ondansetron hydrochloride dihydrate) 2 mg per mL solution for injection) TEVA CANADA LIMITED","mp_formal_name: ""ONDANSETRON INJECTION WITH PRESERVATIVE (ondansetron (ondansetron hydrochloride dihydrate) 2 mg per mL solution for injection) TEVA CANADA LIMITED"" -> ""ONDANSETRON INJECTION WITH PRESERVATIVE (ondansetron (ondansetron hydrochloride dihydrate) 2 mg per mL solution for injection 20 mL vial) TEVA CANADA LIMITED"""
"02266717","REMINYL ER (galantamine (galantamine hydrobromide) 8 mg prolonged-release oral capsule) JANSSEN INC","ADDED"
"02266725","REMINYL ER (galantamine (galantamine hydrobromide) 16 mg prolonged-release oral capsule) JANSSEN INC","ADDED"
"02267217","ASACOL 800 (mesalazine 800 mg gastro-resistant tablet) WARNER CHILCOTT CANADA CO","mp_formal_name: ""ASACOL 800 (mesalazine 800 mg gastro-resistant tablet) WARNER CHILCOTT CANADA CO"" -> ""ASACOL 800 (mesalazine 800 mg gastro-resistant tablet) ALLERGAN INC"""
"02267462","CIPROFLOXACIN INTRAVENOUS INFUSION (ciprofloxacin 2 mg per mL solution for injection) TEVA CANADA LIMITED","DELETED"
"02271761","ONDANSETRON OMEGA   -(PRESERVATIVE FREE - SINGLE DOSE VIALS) (ondansetron (ondansetron hydrochloride dihydrate) 2 mg per mL solution for injection) OMEGA LABORATORIES LTD","DELETED"
"02271788","ONDANSETRON OMEGA   -(WITH PRESERVATIVE - MULTIDOSE VIAL) (ondansetron (ondansetron hydrochloride dihydrate) 2 mg per mL solution for injection) OMEGA LABORATORIES LTD","mp_formal_name: ""ONDANSETRON OMEGA   -(WITH PRESERVATIVE - MULTIDOSE VIAL) (ondansetron (ondansetron hydrochloride dihydrate) 2 mg per mL solution for injection) OMEGA LABORATORIES LTD"" -> ""ONDANSETRON OMEGA   -(WITH PRESERVATIVE - MULTIDOSE VIAL) (ondansetron (ondansetron hydrochloride dihydrate) 2 mg per mL solution for injection 20 mL vial) OMEGA LABORATORIES LTD"""
"02274418","ONDANSETRON HYDROCHLORIDE DIHYDRATE INJECTION (ondansetron (ondansetron hydrochloride dihydrate) 2 mg per mL solution for injection) SANDOZ CANADA INCORPORATED","DELETED"
"02274426","ONDANSETRON INJECTION USP     -(PRESERVATIVE FREE) (ondansetron (ondansetron hydrochloride dihydrate) 2 mg per mL solution for injection) HOSPIRA HEALTHCARE CORPORATION","DELETED"
"02274434","ONDANSETRON INJECTION USP     -(WITH PRESERVATIVES) (ondansetron (ondansetron hydrochloride dihydrate) 2 mg per mL solution for injection) HOSPIRA HEALTHCARE CORPORATION","mp_formal_name: ""ONDANSETRON INJECTION USP     -(WITH PRESERVATIVES) (ondansetron (ondansetron hydrochloride dihydrate) 2 mg per mL solution for injection) HOSPIRA HEALTHCARE CORPORATION"" -> ""ONDANSETRON INJECTION USP     -(WITH PRESERVATIVES) (ondansetron (ondansetron hydrochloride dihydrate) 2 mg per mL solution for injection 20 mL vial) HOSPIRA HEALTHCARE CORPORATION"""
"02274833","MYLAN-LISINOPRIL (lisinopril (lisinopril dihydrate) 5 mg oral tablet) MYLAN PHARMACEUTICALS ULC","mp_status: ""ACTIVE"" -> ""INACTIVE"""
"02274841","MYLAN-LISINOPRIL (lisinopril (lisinopril dihydrate) 10 mg oral tablet) MYLAN PHARMACEUTICALS ULC","mp_status: ""ACTIVE"" -> ""INACTIVE"""
"02278359","MYLAN-AZITHROMYCIN (azithromycin (azithromycin monohydrate hemiethanolate) 250 mg oral tablet) MYLAN PHARMACEUTICALS ULC","mp_status_effective_time: ""20060504"" -> ""20180309"""
"02279428","ONDANSETRON INJECTION USP     -(PRESERVATIVE FREE) (ondansetron (ondansetron hydrochloride dihydrate) 2 mg per mL solution for injection) SANDOZ CANADA INCORPORATED","DELETED"
"02279436","ONDANSETRON INJECTION USP     -(WITH PRESERVATIVE) (ondansetron (ondansetron hydrochloride dihydrate) 2 mg per mL solution for injection) SANDOZ CANADA INCORPORATED","mp_formal_name: ""ONDANSETRON INJECTION USP     -(WITH PRESERVATIVE) (ondansetron (ondansetron hydrochloride dihydrate) 2 mg per mL solution for injection) SANDOZ CANADA INCORPORATED"" -> ""ONDANSETRON INJECTION USP     -(WITH PRESERVATIVE) (ondansetron (ondansetron hydrochloride dihydrate) 2 mg per mL solution for injection 20 mL vial) SANDOZ CANADA INCORPORATED"""
"02280213","AVALIDE (hydrochlorothiazide 25 mg and irbesartan 300 mg oral tablet) SANOFI-AVENTIS CANADA INC","mp_status: ""ACTIVE"" -> ""INACTIVE"""
"02280248","TESTIM 1% (testosterone 1 % cutaneous gel) PALADIN LABS INC","mp_formal_name: ""TESTIM 1% (testosterone 1 % cutaneous gel) PALADIN LABS INC"" -> ""TESTIM 1% (testosterone 1 % transdermal gel 5 g tube) PALADIN LABS INC"""
"02282267","MYLAN-RISPERIDONE (risperidone 1 mg oral tablet) MYLAN PHARMACEUTICALS ULC","mp_status: ""ACTIVE"" -> ""INACTIVE"""
"02282275","MYLAN-RISPERIDONE (risperidone 2 mg oral tablet) MYLAN PHARMACEUTICALS ULC","mp_status: ""ACTIVE"" -> ""INACTIVE"""
"02282283","MYLAN-RISPERIDONE (risperidone 3 mg oral tablet) MYLAN PHARMACEUTICALS ULC","mp_status: ""ACTIVE"" -> ""INACTIVE"""
"02282291","MYLAN-RISPERIDONE (risperidone 4 mg oral tablet) MYLAN PHARMACEUTICALS ULC","mp_status: ""ACTIVE"" -> ""INACTIVE"""
"02285835","GD-GABAPENTIN (gabapentin 400 mg oral capsule) GENMED A DIVISION OF PFIZER CANADA INC","ADDED"
"02285851","GD-GABAPENTIN (gabapentin 800 mg oral tablet) GENMED A DIVISION OF PFIZER CANADA INC","ADDED"
"02286092","FENOFIBRATE MICRO (fenofibrate 200 mg oral capsule) SANIS HEALTH INC","mp_status: ""ACTIVE"" -> ""INACTIVE"""
"02286564","ACYCLOVIR (acyclovir 400 mg oral tablet) SANIS HEALTH INC","mp_status: ""ACTIVE"" -> ""INACTIVE"""
"02289261","APO-PERINDOPRIL (perindopril erbumine 2 mg oral tablet) APOTEX INC","ADDED"
"02289288","APO-PERINDOPRIL (perindopril erbumine 4 mg oral tablet) APOTEX INC","ADDED"
"02289296","APO-PERINDOPRIL (perindopril erbumine 8 mg oral tablet) APOTEX INC","ADDED"
"02292017","GD-SILDENAFIL (sildenafil (sildenafil citrate) 100 mg oral tablet) GENMED A DIVISION OF PFIZER CANADA INC","ADDED"
"02292742","ANTISEPTIC HAND GEL (benzalkonium chloride 0.15 % cutaneous gel) AMAKRIS PRODUCTS, INC.","mp_status: ""ACTIVE"" -> ""INACTIVE""
mp_status_effective_time: ""20100405"" -> ""20180307"""
"02292750","ANTISEPTIC HAND WIPES (benzalkonium chloride 0.13 % wipe) AMAKRIS PRODUCTS, INC.","mp_status: ""ACTIVE"" -> ""INACTIVE""
mp_status_effective_time: ""20100405"" -> ""20180307"""
"02292785","KID'S HAND GEL (benzalkonium chloride 0.15 % cutaneous gel) AMAKRIS PRODUCTS, INC.","mp_status: ""ACTIVE"" -> ""INACTIVE""
mp_status_effective_time: ""20070507"" -> ""20180307"""
"02297566","AZITHROMYCIN FOR INJECTION (azithromycin (azithromycin hydrogen citrate) 500 mg per vial powder for solution for injection) TEVA CANADA LIMITED","mp_status: ""ACTIVE"" -> ""INACTIVE"""
"02300079","PMS-ENALAPRIL (enalapril sodium 2 mg oral tablet) PHARMASCIENCE INC","ADDED"
"02300087","PMS-ENALAPRIL (enalapril sodium 4 mg oral tablet) PHARMASCIENCE INC","ADDED"
"02300095","PMS-ENALAPRIL (enalapril sodium 8 mg oral tablet) PHARMASCIENCE INC","ADDED"
"02300109","PMS-ENALAPRIL (enalapril sodium 16 mg oral tablet) PHARMASCIENCE INC","ADDED"
"02301172","MYLAN-RAMIPRIL (ramipril 10 mg oral capsule) MYLAN PHARMACEUTICALS ULC","ADDED"
"02301296","CIPROFLOXACIN INJECTION (ciprofloxacin (ciprofloxacin lactate) 2 mg per mL solution for injection) CLARIS PHARMASERVICES","DELETED"
"02301903","CIPROFLOXACIN INJECTION USP (ciprofloxacin 2 mg per mL solution for injection) PFIZER CANADA INC","DELETED"
"02304546","CIPROFLOXACIN INTRAVENOUS INFUSION, BP (ciprofloxacin 2 mg per mL solution for injection) APOTEX INC","DELETED"
"02304708","GRANISETRON HYDROCHLORIDE INJECTION (granisetron (granisetron hydrochloride) 1 mg per mL solution for injection) SANDOZ CANADA INCORPORATED","DELETED"
"02304759","CIPROFLOXACIN INTRAVENOUS INFUSION BP (ciprofloxacin 2 mg per mL solution for injection) SANDOZ CANADA INCORPORATED","DELETED"
"02304767","METOJECT (methotrexate (methotrexate sodium) 20 mg per 2 mL solution for injection) MEDEXUS INC","ADDED"
"02309556","NOVO-CYPROTERONE/ETHINYL ESTRADIOL (cyproterone acetate 2 mg and ethinyl estradiol 35 mcg oral tablet) TEVA CANADA LIMITED","Health_Canada_product_name: ""NOVO-CYPROTERONE/ETHINYL ESTRADIOL"" -> ""TEVA-CYPROTERONE / ETHINYL ESTRADIOL"""
"02312530","PRO-INDAPAMIDE (indapamide 1.25 mg oral tablet) PRO DOC LIMITEE","mp_status_effective_time: ""20170505"" -> ""20080704"""
"02312549","PRO-INDAPAMIDE (indapamide 2.5 mg oral tablet) PRO DOC LIMITEE","mp_status_effective_time: ""20170505"" -> ""20080704"""
"02313731","NOVO-CILAZAPRIL/HCTZ (cilazapril (cilazapril monohydrate) 5 mg and hydrochlorothiazide 12.5 mg oral tablet) TEVA CANADA LIMITED","Health_Canada_product_name: ""NOVO-CILAZAPRIL/HCTZ"" -> ""TEVA-CILAZAPRIL/HCTZ""
mp_formal_name: ""NOVO-CILAZAPRIL/HCTZ (cilazapril (cilazapril monohydrate) 5 mg and hydrochlorothiazide 12.5 mg oral tablet) TEVA CANADA LIMITED"" -> ""TEVA-CILAZAPRIL/HCTZ (cilazapril (cilazapril monohydrate) 5 mg and hydrochlorothiazide 12.5 mg oral tablet) TEVA CANADA LIMITED"""
"02313979","MYLAN-LEVOFLOXACIN (levofloxacin (levofloxacin hemihydrate) 250 mg oral tablet) MYLAN PHARMACEUTICALS ULC","mp_status: ""ACTIVE"" -> ""INACTIVE"""
"02313987","MYLAN-LEVOFLOXACIN (levofloxacin (levofloxacin hemihydrate) 500 mg oral tablet) MYLAN PHARMACEUTICALS ULC","mp_status: ""ACTIVE"" -> ""INACTIVE"""
"02314649","APO-FENTANYL MATRIX (fentanyl 50 mcg per hour transdermal patch) APOTEX INC","mp_status_effective_time: ""20090513"" -> ""20180220"""
"02314932","LEVOFLOXACIN IN 5% DEXTROSE INJECTION (levofloxacin 5 mg per mL solution for injection) PFIZER CANADA INC","DELETED"
"02316544","PRO-GLYBURIDE (glyburide 5 mg oral tablet) PRO DOC LIMITEE","mp_status: ""ACTIVE"" -> ""INACTIVE"""
"02318806","SANDOZ SILDENAFIL (sildenafil (sildenafil citrate) 25 mg oral tablet) SANDOZ CANADA INCORPORATED","mp_status: ""ACTIVE"" -> ""INACTIVE"""
"02318814","SANDOZ SILDENAFIL (sildenafil (sildenafil citrate) 50 mg oral tablet) SANDOZ CANADA INCORPORATED","mp_status: ""ACTIVE"" -> ""INACTIVE"""
"02318822","SANDOZ SILDENAFIL (sildenafil (sildenafil citrate) 100 mg oral tablet) SANDOZ CANADA INCORPORATED","mp_status: ""ACTIVE"" -> ""INACTIVE"""
"02320053","METOJECT (methotrexate (methotrexate sodium) 25 mg per 2.5 mL solution for injection) MEDEXUS INC","ADDED"
"02322765","GRANISETRON HYDROCHLORIDE INJECTION (granisetron (granisetron hydrochloride) 1 mg per mL solution for injection) OMEGA LABORATORIES LTD","DELETED"
"02324326","MELOXICAM (meloxicam 7.5 mg oral tablet) PRO DOC LIMITEE","mp_status: ""ACTIVE"" -> ""INACTIVE"""
"02324334","MELOXICAM (meloxicam 15 mg oral tablet) PRO DOC LIMITEE","mp_status: ""ACTIVE"" -> ""INACTIVE"""
"02326450","NOVO-SALBUTAMOL HFA (salbutamol (salbutamol sulfate) 100 mcg per actuation pressurised inhalation) TEVA CANADA LIMITED","Health_Canada_product_name: ""NOVO-SALBUTAMOL HFA"" -> ""TEVA-SALBUTAMOL HFA""
mp_formal_name: ""NOVO-SALBUTAMOL HFA (salbutamol (salbutamol sulfate) 100 mcg per actuation pressurised inhalation) TEVA CANADA LIMITED"" -> ""TEVA-SALBUTAMOL HFA (salbutamol (salbutamol sulfate) 100 mcg per actuation pressurised inhalation) TEVA CANADA LIMITED"""
"02326515","AMOXI-CLAV (amoxicillin (amoxicillin trihydrate) 500 mg and clavulanic acid (potassium clavulanate) 125 mg oral tablet) PRO DOC LIMITEE","mp_status_effective_time: ""20091008"" -> ""20180123"""
"02339366","PRECEDEX (dexmedetomidine (dexmedetomidine hydrochloride) 100 mcg per mL solution for injection) HOSPIRA HEALTHCARE CORPORATION","mp_formal_name: ""PRECEDEX (dexmedetomidine (dexmedetomidine hydrochloride) 100 mcg per mL solution for injection) HOSPIRA HEALTHCARE CORPORATION"" -> ""PRECEDEX (dexmedetomidine (dexmedetomidine hydrochloride) 200 mcg per 2 mL solution for injection vial) PFIZER CANADA INC"""
"02343002","AZATHIOPRINE (azathioprine 50 mg oral tablet) SANIS HEALTH INC","mp_status: ""ACTIVE"" -> ""INACTIVE"""
"02347512","MYLAN-CARVEDILOL (carvedilol 3.125 mg oral tablet) MYLAN PHARMACEUTICALS ULC","mp_status: ""ACTIVE"" -> ""INACTIVE"""
"02347520","MYLAN-CARVEDILOL (carvedilol 6.25 mg oral tablet) MYLAN PHARMACEUTICALS ULC","mp_status: ""ACTIVE"" -> ""INACTIVE"""
"02347555","MYLAN-CARVEDILOL (carvedilol 12.5 mg oral tablet) MYLAN PHARMACEUTICALS ULC","mp_status: ""ACTIVE"" -> ""INACTIVE"""
"02347571","MYLAN-CARVEDILOL (carvedilol 25 mg oral tablet) MYLAN PHARMACEUTICALS ULC","mp_status: ""ACTIVE"" -> ""INACTIVE"""
"02350963","CILAZAPRIL (cilazapril (cilazapril monohydrate) 1 mg oral tablet) SANIS HEALTH INC","mp_status: ""ACTIVE"" -> ""INACTIVE"""
"02350971","CILAZAPRIL (cilazapril (cilazapril monohydrate) 2.5 mg oral tablet) SANIS HEALTH INC","mp_status: ""ACTIVE"" -> ""INACTIVE"""
"02351412","METOPROLOL SR (metoprolol tartrate 200 mg prolonged-release oral tablet) PRO DOC LIMITEE","mp_status: ""ACTIVE"" -> ""INACTIVE"""
"02351536","MYLAN-CLOPIDOGREL (clopidogrel (clopidogrel bisulfate) 75 mg oral tablet) MYLAN PHARMACEUTICALS ULC","mp_status_effective_time: ""20111207"" -> ""20180309"""
"02352745","AMOXICILLIN (amoxicillin (amoxicillin trihydrate) 125 mg per 5 mL oral suspension) SANIS HEALTH INC","mp_status: ""ACTIVE"" -> ""INACTIVE"""
"02352761","AMOXICILLIN SUGAR-REDUCED (amoxicillin (amoxicillin trihydrate) 125 mg per 5 mL oral suspension) SANIS HEALTH INC","mp_status: ""ACTIVE"" -> ""INACTIVE"""
"02353334","CIPROFLOXACIN (ciprofloxacin (ciprofloxacin hydrochloride) 750 mg oral tablet) SANIS HEALTH INC","mp_status: ""ACTIVE"" -> ""INACTIVE"""
"02356570","FENOFIBRATE-S (fenofibrate 100 mg oral tablet) SANIS HEALTH INC","mp_status: ""ACTIVE"" -> ""INACTIVE"""
"02356589","FENOFIBRATE-S (fenofibrate 160 mg oral tablet) SANIS HEALTH INC","mp_status: ""ACTIVE"" -> ""INACTIVE"""
"02357984","MYLAN-RISEDRONATE (risedronate sodium (risedronate sodium hemi-pentahydrate) 35 mg oral tablet) MYLAN PHARMACEUTICALS ULC","mp_status: ""ACTIVE"" -> ""INACTIVE"""
"02359456","DAXAS (roflumilast 500 mcg oral tablet) ASTRAZENECA CANADA INC","ADDED"
"02359480","MYLAN-DONEPEZIL (donepezil hydrochloride 10 mg oral tablet) MYLAN PHARMACEUTICALS ULC","mp_status_effective_time: ""20131227"" -> ""20180309"""
"02361663","RAPAFLO (silodosin 4 mg oral capsule) ALLERGAN PHARMA CO.","mp_formal_name: ""RAPAFLO (silodosin 4 mg oral capsule) ALLERGAN PHARMA CO."" -> ""RAPAFLO (silodosin 4 mg oral capsule) ALLERGAN INC"""
"02361671","RAPAFLO (silodosin 8 mg oral capsule) ALLERGAN PHARMA CO.","mp_formal_name: ""RAPAFLO (silodosin 8 mg oral capsule) ALLERGAN PHARMA CO."" -> ""RAPAFLO (silodosin 8 mg oral capsule) ALLERGAN INC"""
"02364689","ALLER-RELIEF 10MG (cetirizine hydrochloride 10 mg oral tablet) PHARMASCIENCE INC","mp_status: ""ACTIVE"" -> ""INACTIVE"""
"02364905","NEXT CHOICE (levonorgestrel 0.75 mg oral tablet) ACTAVIS PHARMA COMPANY","mp_status: ""ACTIVE"" -> ""INACTIVE""
mp_status_effective_time: ""20110513"" -> ""20180305"""
"02366924","LUXIQ (betamethasone valerate 0.12 % cutaneous foam) GLAXOSMITHKLINE INC","mp_formal_name: ""LUXIQ (betamethasone valerate 0.12 % cutaneous foam) GLAXOSMITHKLINE INC"" -> ""LUXIQ (betamethasone valerate 0.12 % cutaneous foam) MAYNE PHARMA INC"""
"02368226","MYLAN-MONTELUKAST (montelukast (montelukast sodium) 10 mg oral tablet) MYLAN PHARMACEUTICALS ULC","mp_status: ""ACTIVE"" -> ""INACTIVE"""
"02373734","MYLAN-VALSARTAN HCTZ (hydrochlorothiazide 12.5 mg and valsartan 80 mg oral tablet) MYLAN PHARMACEUTICALS ULC","ADDED"
"02373742","MYLAN-VALSARTAN HCTZ (hydrochlorothiazide 12.5 mg and valsartan 160 mg oral tablet) MYLAN PHARMACEUTICALS ULC","ADDED"
"02373750","MYLAN-VALSARTAN HCTZ (hydrochlorothiazide 25 mg and valsartan 160 mg oral tablet) MYLAN PHARMACEUTICALS ULC","ADDED"
"02373769","MYLAN-VALSARTAN HCTZ (hydrochlorothiazide 12.5 mg and valsartan 320 mg oral tablet) MYLAN PHARMACEUTICALS ULC","ADDED"
"02373777","MYLAN-VALSARTAN HCTZ (hydrochlorothiazide 25 mg and valsartan 320 mg oral tablet) MYLAN PHARMACEUTICALS ULC","ADDED"
"02377233","ELIQUIS (apixaban 2.5 mg oral tablet) BRISTOL-MYERS SQUIBB CANADA","ADDED"
"02377535","CIPROFLOXACIN INJECTION (ciprofloxacin (ciprofloxacin lactate) 2 mg per mL solution for injection) OMEGA LABORATORIES LTD","DELETED"
"02380749","MYLAN-MONTELUKAST (montelukast (montelukast sodium) 4 mg chewable tablet) MYLAN PHARMACEUTICALS ULC","mp_status: ""ACTIVE"" -> ""INACTIVE"""
"02381710","ALOXI (palonosetron (palonosetron hydrochloride) 0.25 mg per 5 mL solution for injection) PURDUE PHARMA","ADDED"
"02381729","ALOXI (palonosetron (palonosetron hydrochloride) 0.5 mg oral capsule) PURDUE PHARMA","ADDED"
"02382369","AXIRON (testosterone 2 % cutaneous solution) ELI LILLY CANADA INC","mp_formal_name: ""AXIRON (testosterone 2 % cutaneous solution) ELI LILLY CANADA INC"" -> ""AXIRON (testosterone 2 % NA) ELI LILLY CANADA INC"""
"02382482","NALOXONE HYDROCHLORIDE INJECTION USP (naloxone hydrochloride (naloxone hydrochloride dihydrate) 0.4 mg per mL solution for injection) TELIGENT OU","mp_formal_name: ""NALOXONE HYDROCHLORIDE INJECTION USP (naloxone hydrochloride (naloxone hydrochloride dihydrate) 0.4 mg per mL solution for injection) TELIGENT OU"" -> ""NALOXONE HYDROCHLORIDE INJECTION USP (naloxone hydrochloride (naloxone hydrochloride dihydrate) 0.4 mg per 1 mL solution for injection ampoule) TELIGENT OU"""
"02382601","NALOXONE HYDROCHLORIDE INJECTION SDZ PRESERVATIVE FREE (naloxone hydrochloride (naloxone hydrochloride dihydrate) 0.4 mg per mL solution for injection) SANDOZ CANADA INCORPORATED","mp_formal_name: ""NALOXONE HYDROCHLORIDE INJECTION SDZ PRESERVATIVE FREE (naloxone hydrochloride (naloxone hydrochloride dihydrate) 0.4 mg per mL solution for injection) SANDOZ CANADA INCORPORATED"" -> ""NALOXONE HYDROCHLORIDE INJECTION SDZ PRESERVATIVE FREE (naloxone hydrochloride (naloxone hydrochloride dihydrate) 0.4 mg per 1 mL solution for injection ampoule) SANDOZ CANADA INCORPORATED"""
"02382709","MYLAN-OLANZAPINE ODT (olanzapine 5 mg orodispersible tablet) MYLAN PHARMACEUTICALS ULC","mp_status: ""ACTIVE"" -> ""INACTIVE"""
"02382717","MYLAN-OLANZAPINE ODT (olanzapine 10 mg orodispersible tablet) MYLAN PHARMACEUTICALS ULC","mp_status: ""ACTIVE"" -> ""INACTIVE"""
"02382725","MYLAN-OLANZAPINE ODT (olanzapine 15 mg orodispersible tablet) MYLAN PHARMACEUTICALS ULC","mp_status: ""ACTIVE"" -> ""INACTIVE"""
"02382733","MYLAN-OLANZAPINE ODT (olanzapine 20 mg orodispersible tablet) MYLAN PHARMACEUTICALS ULC","mp_status: ""ACTIVE"" -> ""INACTIVE"""
"02384418","MYLAN-BISOPROLOL (bisoprolol fumarate 5 mg oral tablet) MYLAN PHARMACEUTICALS ULC","mp_status: ""ACTIVE"" -> ""INACTIVE"""
"02384426","MYLAN-BISOPROLOL (bisoprolol fumarate 10 mg oral tablet) MYLAN PHARMACEUTICALS ULC","mp_status: ""ACTIVE"" -> ""INACTIVE"""
"02385171","INFANTS LITTLE REMEDIES FOR FEVERS (acetaminophen 80 mg per mL oral solution) PRESTIGE BRANDS INC","mp_status: ""ACTIVE"" -> ""INACTIVE""
mp_status_effective_time: ""20120927"" -> ""20180315"""
"02385198","CHILDREN'S LITTLE REMEDIES FOR FEVERS (acetaminophen 160 mg per 5 mL oral solution) PRESTIGE BRANDS INC","mp_status: ""ACTIVE"" -> ""INACTIVE""
mp_status_effective_time: ""20120927"" -> ""20180329"""
"02385414","GRANISETRON HYDROCHLORIDE INJECTION SDZ (granisetron (granisetron hydrochloride) 1 mg per mL solution for injection) SANDOZ CANADA INCORPORATED","DELETED"
"02385473","AZITHROMYCIN FOR INJECTION, USP (azithromycin (azithromycin monohydrate) 500 mg per vial powder for solution for injection) MYLAN PHARMACEUTICALS ULC","mp_status: ""ACTIVE"" -> ""INACTIVE"""
"02385740","PANTOPRAZOLE (pantoprazole (pantoprazole sodium) 20 mg gastro-resistant tablet) SIVEM PHARMACEUTICALS ULC","ADDED"
"02385759","PANTOPRAZOLE (pantoprazole (pantoprazole sodium) 40 mg gastro-resistant tablet) SIVEM PHARMACEUTICALS ULC","ADDED"
"02388448","FLUCONAZOLE INJECTION SDZ (fluconazole 200 mg per 100 mL solution for injection bottle) SANDOZ CANADA INCORPORATED","mp_formal_name: ""FLUCONAZOLE INJECTION SDZ (fluconazole 200 mg per 100 mL solution for injection bottle) SANDOZ CANADA INCORPORATED"" -> ""FLUCONAZOLE INJECTION SDZ (fluconazole 200 mg per 100 mL solution for injection vial) SANDOZ CANADA INCORPORATED"""
"02388693","CANDESARTAN (candesartan cilexetil 4 mg oral tablet) SIVEM PHARMACEUTICALS ULC","ADDED"
"02388766","MINT-METFORMIN (metformin hydrochloride 500 mg oral tablet) MINT PHARMACEUTICALS INC","mp_status: ""INACTIVE"" -> ""ACTIVE""
mp_status_effective_time: ""20170801"" -> ""20120725"""
"02388774","MINT-METFORMIN (metformin hydrochloride 850 mg oral tablet) MINT PHARMACEUTICALS INC","mp_status: ""INACTIVE"" -> ""ACTIVE""
mp_status_effective_time: ""20170801"" -> ""20120725"""
"02390019","ONDANSETRON INJECTION, USP WITHOUT PRESERVATIVES (ondansetron (ondansetron hydrochloride dihydrate) 2 mg per mL solution for injection) MYLAN PHARMACEUTICALS ULC","DELETED"
"02390051","ONDANSETRON INJECTION, USP WITH PRESERVATIVES (ondansetron (ondansetron hydrochloride dihydrate) 2 mg per mL solution for injection) MYLAN PHARMACEUTICALS ULC","mp_formal_name: ""ONDANSETRON INJECTION, USP WITH PRESERVATIVES (ondansetron (ondansetron hydrochloride dihydrate) 2 mg per mL solution for injection) MYLAN PHARMACEUTICALS ULC"" -> ""ONDANSETRON INJECTION, USP WITH PRESERVATIVES (ondansetron (ondansetron hydrochloride dihydrate) 2 mg per mL solution for injection 20 mL vial) MYLAN PHARMACEUTICALS ULC"""
"02392577","MYL-SILDENAFIL (sildenafil (sildenafil citrate) 25 mg oral tablet) MYLAN PHARMACEUTICALS ULC","mp_status: ""ACTIVE"" -> ""INACTIVE"""
"02393034","NALOXONE HYDROCHLORIDE INJECTION (naloxone hydrochloride (naloxone hydrochloride dihydrate) 0.4 mg per mL solution for injection) OMEGA LABORATORIES LTD","mp_formal_name: ""NALOXONE HYDROCHLORIDE INJECTION (naloxone hydrochloride (naloxone hydrochloride dihydrate) 0.4 mg per mL solution for injection) OMEGA LABORATORIES LTD"" -> ""NALOXONE HYDROCHLORIDE INJECTION (naloxone hydrochloride (naloxone hydrochloride dihydrate) 0.4 mg per 1 mL solution for injection vial) OMEGA LABORATORIES LTD"""
"02393042","NALOXONE HYDROCHLORIDE INJECTION (naloxone hydrochloride (naloxone hydrochloride dihydrate) 1 mg per mL solution for injection) OMEGA LABORATORIES LTD","mp_formal_name: ""NALOXONE HYDROCHLORIDE INJECTION (naloxone hydrochloride (naloxone hydrochloride dihydrate) 1 mg per mL solution for injection) OMEGA LABORATORIES LTD"" -> ""NALOXONE HYDROCHLORIDE INJECTION (naloxone hydrochloride (naloxone hydrochloride dihydrate) 2 mg per 2 mL solution for injection vial) OMEGA LABORATORIES LTD"""
"02397471","MYLAN-GABAPENTIN (gabapentin 600 mg oral tablet) MYLAN PHARMACEUTICALS ULC","mp_status: ""ACTIVE"" -> ""INACTIVE"""
"02397498","MYLAN-GABAPENTIN (gabapentin 800 mg oral tablet) MYLAN PHARMACEUTICALS ULC","mp_status: ""ACTIVE"" -> ""INACTIVE"""
"02397714","ELIQUIS (apixaban 5 mg oral tablet) BRISTOL-MYERS SQUIBB CANADA","ADDED"
"02397773","MYLAN-RISEDRONATE (risedronate sodium (risedronate sodium hemi-pentahydrate) 150 mg oral tablet) MYLAN PHARMACEUTICALS ULC","mp_status: ""ACTIVE"" -> ""INACTIVE"""
"02398419","TEVA-BOSENTAN (bosentan (bosentan monohydrate) 125 mg oral tablet) TEVA CANADA LIMITED","mp_status: ""ACTIVE"" -> ""INACTIVE"""
"02401126","ACCEL-ALENDRONATE (alendronic acid (alendronate sodium) 10 mg oral tablet) ACCEL PHARMA INC","mp_status: ""ACTIVE"" -> ""INACTIVE"""
"02401134","ACCEL-ALENDRONATE (alendronic acid (alendronate sodium) 70 mg oral tablet) ACCEL PHARMA INC","mp_status: ""ACTIVE"" -> ""INACTIVE"""
"02401576","AMOXICILLIN SUGAR-REDUCED GRANULES FOR ORAL SUSPENSION (amoxicillin (amoxicillin trihydrate) 250 mg per 5 mL oral suspension) SIVEM PHARMACEUTICALS ULC","ADDED"
"02404419","JAMP-DONEPEZIL (donepezil hydrochloride 5 mg oral tablet) JAMP PHARMA CORPORATION","mp_status: ""ACTIVE"" -> ""INACTIVE"""
"02404427","JAMP-DONEPEZIL (donepezil hydrochloride 10 mg oral tablet) JAMP PHARMA CORPORATION","mp_status: ""ACTIVE"" -> ""INACTIVE"""
"02406179","PROACTIV 3-STEP CONVENIENCE PAK (benzoyl peroxide 2.5 % and benzoyl peroxide 2.5 % NA) THE PROACTIV COMPANY LLC","mp_formal_name: ""PROACTIV 3-STEP CONVENIENCE PAK (benzoyl peroxide 2.5 % and benzoyl peroxide 2.5 % NA) THE PROACTIV COMPANY LLC"" -> ""PROACTIV 3-STEP CONVENIENCE PAK (benzoyl peroxide 2.5 % and benzoyl peroxide 2.5 % cutaneous gel) THE PROACTIV COMPANY LLC"""
"02406985","MINT-RIVASTIGMINE (rivastigmine (rivastigmine hydrogen tartrate) 1.5 mg oral capsule) MINT PHARMACEUTICALS INC","ADDED"
"02406993","MINT-RIVASTIGMINE (rivastigmine (rivastigmine hydrogen tartrate) 3 mg oral capsule) MINT PHARMACEUTICALS INC","ADDED"
"02407000","MINT-RIVASTIGMINE (rivastigmine (rivastigmine hydrogen tartrate) 4.5 mg oral capsule) MINT PHARMACEUTICALS INC","ADDED"
"02407019","MINT-RIVASTIGMINE (rivastigmine (rivastigmine hydrogen tartrate) 6 mg oral capsule) MINT PHARMACEUTICALS INC","ADDED"
"02408392","MYLAN-RABEPRAZOLE (rabeprazole sodium 10 mg gastro-resistant tablet) MYLAN PHARMACEUTICALS ULC","mp_status: ""ACTIVE"" -> ""INACTIVE"""
"02408406","MYLAN-RABEPRAZOLE (rabeprazole sodium 20 mg gastro-resistant tablet) MYLAN PHARMACEUTICALS ULC","mp_status: ""ACTIVE"" -> ""INACTIVE"""
"02410265","ACH-MONTELUKAST (montelukast (montelukast sodium) 4 mg chewable tablet) ACCORD HEALTHCARE INC","mp_status: ""ACTIVE"" -> ""INACTIVE"""
"02410273","ACH-MONTELUKAST (montelukast (montelukast sodium) 5 mg chewable tablet) ACCORD HEALTHCARE INC","mp_status: ""ACTIVE"" -> ""INACTIVE"""
"02412187","IRINOTECAN HYDROCHLORIDE INJECTION (irinotecan hydrochloride (irinotecan hydrochloride trihydrate) 20 mg per mL solution for injection) TELIGENT OU","DELETED"
"02412640","RAMIPRIL-HCTZ (hydrochlorothiazide 12.5 mg and ramipril 5 mg oral tablet) SANIS HEALTH INC","mp_status: ""ACTIVE"" -> ""INACTIVE"""
"02412659","RAMIPRIL-HCTZ (hydrochlorothiazide 12.5 mg and ramipril 10 mg oral tablet) SANIS HEALTH INC","mp_status: ""ACTIVE"" -> ""INACTIVE"""
"02412667","RAMIPRIL-HCTZ (hydrochlorothiazide 25 mg and ramipril 5 mg oral tablet) SANIS HEALTH INC","mp_status: ""ACTIVE"" -> ""INACTIVE"""
"02412675","RAMIPRIL-HCTZ (hydrochlorothiazide 25 mg and ramipril 10 mg oral tablet) SANIS HEALTH INC","mp_status: ""ACTIVE"" -> ""INACTIVE"""
"02413493","MYLAN-RISPERIDONE ODT (risperidone 1 mg orodispersible tablet) MYLAN PHARMACEUTICALS ULC","mp_status: ""ACTIVE"" -> ""INACTIVE""
mp_status_effective_time: ""20131024"" -> ""20180226"""
"02414309","DUAL INTENSIVE ACNE TREATMENT (benzoyl peroxide 2.5 % NA) RODAN & FIELDS LLC","mp_formal_name: ""DUAL INTENSIVE ACNE TREATMENT (benzoyl peroxide 2.5 % NA) RODAN & FIELDS LLC"" -> ""DUAL INTENSIVE ACNE TREATMENT (benzoyl peroxide 2.5 % cutaneous gel) RODAN & FIELDS LLC"""
"02414422","RODAN & FIELDS PROACTIV + SKIN SMOOTHING EXFOLIATOR, PORE TARGETING SOLUTION, COMPLEXION PERFECTING HYDRATOR (benzoyl peroxide 2.5 % and benzoyl peroxide 2.5 % NA) THE PROACTIV COMPANY LLC","mp_formal_name: ""RODAN & FIELDS PROACTIV + SKIN SMOOTHING EXFOLIATOR, PORE TARGETING SOLUTION, COMPLEXION PERFECTING HYDRATOR (benzoyl peroxide 2.5 % and benzoyl peroxide 2.5 % NA) THE PROACTIV COMPANY LLC"" -> ""RODAN & FIELDS PROACTIV + SKIN SMOOTHING EXFOLIATOR, PORE TARGETING SOLUTION, COMPLEXION PERFECTING HYDRATOR (benzoyl peroxide 2.5 % and benzoyl peroxide 2.5 % cutaneous gel) THE PROACTIV COMPANY LLC"""
"02418355","SOVALDI (sofosbuvir 400 mg oral tablet) GILEAD SCIENCES CANADA INC","ADDED"
"02418401","ANORO ELLIPTA (umeclidinium (umeclidinium bromide) 62.5 mcg and vilanterol (vilanterol trifenatate) 25 mcg inhalation powder) GLAXOSMITHKLINE INC","mp_formal_name: ""ANORO ELLIPTA (umeclidinium (umeclidinium bromide) 62.5 mcg and vilanterol (vilanterol trifenatate) 25 mcg inhalation powder) GLAXOSMITHKLINE INC"" -> ""ANORO ELLIPTA (umeclidinium (umeclidinium bromide) 62.5 mcg per actuation and vilanterol (vilanterol trifenatate) 25 mcg per actuation inhalation powder) GLAXOSMITHKLINE INC"""
"02420414","JAMP-ONDANSETRON SINGLE-DOSE VIAL (ondansetron (ondansetron hydrochloride dihydrate) 2 mg per mL solution for injection) JAMP PHARMA CORPORATION","DELETED"
"02420422","JAMP-ONDANSETRON MULTI-DOSE VIAL (ondansetron (ondansetron hydrochloride dihydrate) 2 mg per mL solution for injection) JAMP PHARMA CORPORATION","mp_formal_name: ""JAMP-ONDANSETRON MULTI-DOSE VIAL (ondansetron (ondansetron hydrochloride dihydrate) 2 mg per mL solution for injection) JAMP PHARMA CORPORATION"" -> ""JAMP-ONDANSETRON MULTI-DOSE VIAL (ondansetron (ondansetron hydrochloride dihydrate) 2 mg per mL solution for injection 20 mL vial) JAMP PHARMA CORPORATION"""
"02420678","RODAN+FIELDS UNBLEMISH (benzoyl peroxide 2.5 % NA) RODAN & FIELDS LLC","mp_formal_name: ""RODAN+FIELDS UNBLEMISH (benzoyl peroxide 2.5 % NA) RODAN & FIELDS LLC"" -> ""RODAN+FIELDS UNBLEMISH (benzoyl peroxide 2.5 % kit) RODAN & FIELDS LLC"""
"02421739","ECL-CITALOPRAM (citalopram (citalopram hydrobromide) 10 mg oral tablet) ECL PHARMA GROUP LTD","DELETED"
"02421747","ECL-CITALOPRAM (citalopram (citalopram hydrobromide) 20 mg oral tablet) ECL PHARMA GROUP LTD","DELETED"
"02421755","ECL-CITALOPRAM (citalopram (citalopram hydrobromide) 40 mg oral tablet) ECL PHARMA GROUP LTD","DELETED"
"02421828","ECL-METFORMIN (metformin hydrochloride 500 mg oral tablet) ECL PHARMA GROUP LTD","DELETED"
"02421836","ECL-METFORMIN (metformin hydrochloride 850 mg oral tablet) ECL PHARMA GROUP LTD","DELETED"
"02437147","PRECEDEX (dexmedetomidine (dexmedetomidine hydrochloride) 4 mcg per mL solution for injection) HOSPIRA HEALTHCARE CORPORATION","DELETED"
"02439573","MINT-RIZATRIPTAN ODT (rizatriptan (rizatriptan benzoate) 5 mg orodispersible tablet) MINT PHARMACEUTICALS INC","ADDED"
"02439581","MINT-RIZATRIPTAN ODT (rizatriptan (rizatriptan benzoate) 10 mg orodispersible tablet) MINT PHARMACEUTICALS INC","ADDED"
"02441551","CLENZIDERM ACNE THERAPEUTIC SYSTEM (benzoyl peroxide 5 % NA) OBAGI MEDICAL PRODUCTS A DIV OF VALEANT PHARMACEUTICALS NORTH AMERICA LLC","mp_formal_name: ""CLENZIDERM ACNE THERAPEUTIC SYSTEM (benzoyl peroxide 5 % NA) OBAGI MEDICAL PRODUCTS A DIV OF VALEANT PHARMACEUTICALS NORTH AMERICA LLC"" -> ""CLENZIDERM ACNE THERAPEUTIC SYSTEM (benzoyl peroxide 5 % kit) OBAGI MEDICAL PRODUCTS A DIV OF VALEANT PHARMACEUTICALS NORTH AMERICA LLC"""
"02442191","ACT OLMESARTAN (olmesartan medoxomil 20 mg oral tablet) ACTAVIS PHARMA COMPANY","mp_formal_name: ""ACT OLMESARTAN (olmesartan medoxomil 20 mg oral tablet) ACTAVIS PHARMA COMPANY"" -> ""ACT OLMESARTAN (olmesartan medoxomil 20 mg oral tablet) TEVA CANADA LIMITED"""
"02442205","ACT OLMESARTAN (olmesartan medoxomil 40 mg oral tablet) ACTAVIS PHARMA COMPANY","mp_formal_name: ""ACT OLMESARTAN (olmesartan medoxomil 40 mg oral tablet) ACTAVIS PHARMA COMPANY"" -> ""ACT OLMESARTAN (olmesartan medoxomil 40 mg oral tablet) TEVA CANADA LIMITED"""
"02442302","QUINSAIR (levofloxacin (levofloxacin hemihydrate) 240 mg per 2.4 mL inhalation solution) HORIZON PHARMA IRELAND LTD","mp_formal_name: ""QUINSAIR (levofloxacin (levofloxacin hemihydrate) 240 mg per 2.4 mL inhalation solution) HORIZON PHARMA IRELAND LTD"" -> ""QUINSAIR (levofloxacin (levofloxacin hemihydrate) 240 mg per 2.4 mL inhalation solution unit dose ampoule) HORIZON PHARMA IRELAND LTD"""
"02443112","ACT OLMESARTAN HCT (hydrochlorothiazide 12.5 mg and olmesartan medoxomil 20 mg oral tablet) ACTAVIS PHARMA COMPANY","mp_formal_name: ""ACT OLMESARTAN HCT (hydrochlorothiazide 12.5 mg and olmesartan medoxomil 20 mg oral tablet) ACTAVIS PHARMA COMPANY"" -> ""ACT OLMESARTAN HCT (hydrochlorothiazide 12.5 mg and olmesartan medoxomil 20 mg oral tablet) TEVA CANADA LIMITED"""
"02443120","ACT OLMESARTAN HCT (hydrochlorothiazide 12.5 mg and olmesartan medoxomil 40 mg oral tablet) ACTAVIS PHARMA COMPANY","mp_formal_name: ""ACT OLMESARTAN HCT (hydrochlorothiazide 12.5 mg and olmesartan medoxomil 40 mg oral tablet) ACTAVIS PHARMA COMPANY"" -> ""ACT OLMESARTAN HCT (hydrochlorothiazide 12.5 mg and olmesartan medoxomil 40 mg oral tablet) TEVA CANADA LIMITED"""
"02443139","ACT OLMESARTAN HCT (hydrochlorothiazide 25 mg and olmesartan medoxomil 40 mg oral tablet) ACTAVIS PHARMA COMPANY","mp_formal_name: ""ACT OLMESARTAN HCT (hydrochlorothiazide 25 mg and olmesartan medoxomil 40 mg oral tablet) ACTAVIS PHARMA COMPANY"" -> ""ACT OLMESARTAN HCT (hydrochlorothiazide 25 mg and olmesartan medoxomil 40 mg oral tablet) TEVA CANADA LIMITED"""
"02443724","VIIBRYD (vilazodone hydrochloride 10 mg oral tablet) FOREST LABORATORIES CANADA INC","ADDED"
"02443732","VIIBRYD (vilazodone hydrochloride 20 mg oral tablet) FOREST LABORATORIES CANADA INC","ADDED"
"02443740","VIIBRYD (vilazodone hydrochloride 40 mg oral tablet) FOREST LABORATORIES CANADA INC","ADDED"
"02444054","ACTIVE ANTI-ACNE TREATMENT KIT (benzoyl peroxide 2.5 % and benzoyl peroxide 2.5 % NA) FRUIT OF THE EARTH, INC","mp_formal_name: ""ACTIVE ANTI-ACNE TREATMENT KIT (benzoyl peroxide 2.5 % and benzoyl peroxide 2.5 % NA) FRUIT OF THE EARTH, INC"" -> ""ACTIVE ANTI-ACNE TREATMENT KIT (benzoyl peroxide 2.5 % and benzoyl peroxide 2.5 % kit) FRUIT OF THE EARTH, INC"""
"02446073","ISMN (isosorbide-5-mononitrate 60 mg prolonged-release oral tablet) SIVEM PHARMACEUTICALS ULC","ADDED"
"02449781","NUCALA (mepolizumab 144 mg per vial powder for solution for injection) GLAXOSMITHKLINE INC","mp_formal_name: ""NUCALA (mepolizumab 144 mg per vial powder for solution for injection) GLAXOSMITHKLINE INC"" -> ""NUCALA (mepolizumab 100 mg per vial powder for solution for injection) GLAXOSMITHKLINE INC"""
"02452782","ADVANTAGE ACNE CONTROL KIT (benzoyl peroxide 2.5 % and benzoyl peroxide 5 % NA) JOHNSON & JOHNSON INC","mp_formal_name: ""ADVANTAGE ACNE CONTROL KIT (benzoyl peroxide 2.5 % and benzoyl peroxide 5 % NA) JOHNSON & JOHNSON INC"" -> ""ADVANTAGE ACNE CONTROL KIT (benzoyl peroxide 2.5 % and benzoyl peroxide 5 % kit) JOHNSON & JOHNSON INC"""
"02453258","S.O.S. NALOXONE HYDROCHLORIDE INJECTION (naloxone hydrochloride 0.4 mg per mL solution for injection) SANDOZ CANADA INCORPORATED","mp_formal_name: ""S.O.S. NALOXONE HYDROCHLORIDE INJECTION (naloxone hydrochloride 0.4 mg per mL solution for injection) SANDOZ CANADA INCORPORATED"" -> ""S.O.S. NALOXONE HYDROCHLORIDE INJECTION (naloxone hydrochloride 0.4 mg per 1 mL solution for injection ampoule) SANDOZ CANADA INCORPORATED"""
"02455935","INJECTABLE NALOXONE HYDROCHLORIDE (naloxone hydrochloride (naloxone hydrochloride dihydrate) 0.4 mg per mL solution for injection) OMEGA LABORATORIES LTD","mp_formal_name: ""INJECTABLE NALOXONE HYDROCHLORIDE (naloxone hydrochloride (naloxone hydrochloride dihydrate) 0.4 mg per mL solution for injection) OMEGA LABORATORIES LTD"" -> ""INJECTABLE NALOXONE HYDROCHLORIDE (naloxone hydrochloride (naloxone hydrochloride dihydrate) 0.4 mg per 1 mL solution for injection vial) OMEGA LABORATORIES LTD"""
"02456370","EPCLUSA (sofosbuvir 400 mg and velpatasvir 100 mg oral tablet) GILEAD SCIENCES CANADA INC","ADDED"
"02457938","STUBBORN ACNE SOLUTION (benzoyl peroxide 3.5 % and benzoyl peroxide 2.5 % NA) JOHNSON & JOHNSON INC","mp_formal_name: ""STUBBORN ACNE SOLUTION (benzoyl peroxide 3.5 % and benzoyl peroxide 2.5 % NA) JOHNSON & JOHNSON INC"" -> ""STUBBORN ACNE SOLUTION (benzoyl peroxide 3.5 % and benzoyl peroxide 2.5 % kit) JOHNSON & JOHNSON INC"""
"02459132","MOVAPO (apomorphine hydrochloride 10 mg per mL solution for injection) PALADIN LABS INC","mp_formal_name: ""MOVAPO (apomorphine hydrochloride 10 mg per mL solution for injection) PALADIN LABS INC"" -> ""MOVAPO (apomorphine hydrochloride 30 mg per 3 mL solution for injection pen) PALADIN LABS INC"""
"02459787","XOLAIR (omalizumab 75 mg per 0.5 mL solution for injection) NOVARTIS PHARMACEUTICALS CANADA INC","mp_formal_name: ""XOLAIR (omalizumab 75 mg per 0.5 mL solution for injection) NOVARTIS PHARMACEUTICALS CANADA INC"" -> ""XOLAIR (omalizumab 75 mg per 0.5 mL solution for injection syringe) NOVARTIS PHARMACEUTICALS CANADA INC"""
"02459795","XOLAIR (omalizumab 150 mg per mL solution for injection) NOVARTIS PHARMACEUTICALS CANADA INC","mp_formal_name: ""XOLAIR (omalizumab 150 mg per mL solution for injection) NOVARTIS PHARMACEUTICALS CANADA INC"" -> ""XOLAIR (omalizumab 150 mg per mL solution for injection syringe) NOVARTIS PHARMACEUTICALS CANADA INC"""
"02459817","AURO-PERINDOPRIL (perindopril erbumine 2 mg oral tablet) AURO PHARMA INC","ADDED"
"02459825","AURO-PERINDOPRIL (perindopril erbumine 4 mg oral tablet) AURO PHARMA INC","ADDED"
"02459833","AURO-PERINDOPRIL (perindopril erbumine 8 mg oral tablet) AURO PHARMA INC","ADDED"
"02460319","RAPIVAB (peramivir 200 mg per 20 mL solution for injection vial) BIOCRYST PHARMACEUTICALS INC","ADDED"
"02462400","BRINAVESS (vernakalant hydrochloride 500 mg per 25 mL solution for injection vial) CARDIOME UK LIMITED","ADDED"
"02462788","MAR-RIZATRIPTAN ODT (rizatriptan (rizatriptan benzoate) 5 mg orodispersible tablet) MARCAN PHARMACEUTICALS INC","ADDED"
"02462796","MAR-RIZATRIPTAN ODT (rizatriptan (rizatriptan benzoate) 10 mg orodispersible tablet) MARCAN PHARMACEUTICALS INC","ADDED"
"02464020","TEVA-PERINDOPRIL/INDAPAMIDE (indapamide 1.25 mg and perindopril erbumine 4 mg oral tablet) TEVA CANADA LIMITED","ADDED"
"02464039","TEVA-PERINDOPRIL/INDAPAMIDE (indapamide 2.5 mg and perindopril erbumine 8 mg oral tablet) TEVA CANADA LIMITED","ADDED"
"02464349","ADLYXINE (lixisenatide 0.05 mg per mL and lixisenatide 0.1 mg per mL NA) SANOFI-AVENTIS CANADA INC","mp_formal_name: ""ADLYXINE (lixisenatide 0.05 mg per mL and lixisenatide 0.1 mg per mL NA) SANOFI-AVENTIS CANADA INC"" -> ""ADLYXINE (lixisenatide 0.05 mg per mL and lixisenatide 0.1 mg per mL solution for injection) SANOFI-AVENTIS CANADA INC"""
"02464985","TEVA-PERINDOPRIL (perindopril erbumine 2 mg oral tablet) TEVA CANADA LIMITED","ADDED"
"02464993","TEVA-PERINDOPRIL (perindopril erbumine 4 mg oral tablet) TEVA CANADA LIMITED","ADDED"
"02465000","TEVA-PERINDOPRIL (perindopril erbumine 8 mg oral tablet) TEVA CANADA LIMITED","ADDED"
"02465086","JAMP-RIZATRIPTAN ODT (rizatriptan (rizatriptan benzoate) 5 mg orodispersible tablet) JAMP PHARMA CORPORATION","ADDED"
"02465094","JAMP-RIZATRIPTAN ODT (rizatriptan (rizatriptan benzoate) 10 mg orodispersible tablet) JAMP PHARMA CORPORATION","ADDED"
"02465663","SPINRAZA (nusinersen (nusinersen sodium) 2.4 mg per mL solution for injection) BIOGEN CANADA INC","mp_formal_name: ""SPINRAZA (nusinersen (nusinersen sodium) 2.4 mg per mL solution for injection) BIOGEN CANADA INC"" -> ""SPINRAZA (nusinersen (nusinersen sodium) 12 mg per 5 mL solution for injection vial) BIOGEN CANADA INC"""
"02465949","TEVA-BUDESONIDE (budesonide 0.25 mg per 2 mL nebuliser suspension unit dose vial) TEVA CANADA LIMITED","ADDED"
"02465981","DEFITELIO (defibrotide 80 mg per mL solution for injection) JAZZ PHARMACEUTICALS IRELAND LIMITED","mp_formal_name: ""DEFITELIO (defibrotide 80 mg per mL solution for injection) JAZZ PHARMACEUTICALS IRELAND LIMITED"" -> ""DEFITELIO (defibrotide 200 mg per 2.5 mL solution for injection vial) JAZZ PHARMACEUTICALS IRELAND LIMITED"""
"02466449","BETAHISTINE (betahistine hydrochloride 16 mg oral tablet) SANIS HEALTH INC","ADDED"
"02466457","BETAHISTINE (betahistine hydrochloride 24 mg oral tablet) SANIS HEALTH INC","ADDED"
"02466821","ALMOTRIPTAN (almotriptan (almotriptan malate) 12.5 mg oral tablet) SANIS HEALTH INC","ADDED"
"02466988","APO-DESVENLAFAXINE (desvenlafaxine 50 mg prolonged-release oral tablet) APOTEX INC","ADDED"
"02466996","APO-DESVENLAFAXINE (desvenlafaxine 100 mg prolonged-release oral tablet) APOTEX INC","ADDED"
"02467224","OCREVUS (ocrelizumab 30 mg per mL solution for injection) HOFFMANN-LA ROCHE LIMITED","mp_formal_name: ""OCREVUS (ocrelizumab 30 mg per mL solution for injection) HOFFMANN-LA ROCHE LIMITED"" -> ""OCREVUS (ocrelizumab 300 mg per 10 mL solution for injection vial) HOFFMANN-LA ROCHE LIMITED"""
"02467402","M-PAROXETINE (paroxetine (paroxetine hydrochloride hemihydrate) 10 mg oral tablet) MANTRA PHARMA INC","ADDED"
"02467410","M-PAROXETINE (paroxetine (paroxetine hydrochloride hemihydrate) 20 mg oral tablet) MANTRA PHARMA INC","ADDED"
"02467542","VOSEVI (sofosbuvir 400 mg and velpatasvir 100 mg and voxilaprevir 100 mg oral tablet) GILEAD SCIENCES CANADA INC","ADDED"
"02467577","REACTINE RAPID DISSOLVE (cetirizine hydrochloride 10 mg orodispersible tablet) MCNEIL CONSUMER HEALTHCARE DIVISION OF JOHNSON & JOHNSON INC","ADDED"
"02467879","TRESIBA (insulin degludec 100 unit per mL solution for injection) NOVO NORDISK CANADA INC","mp_formal_name: ""TRESIBA (insulin degludec 100 unit per mL solution for injection) NOVO NORDISK CANADA INC"" -> ""TRESIBA (insulin degludec 100 unit per mL solution for injection 3 mL pen) NOVO NORDISK CANADA INC"""
"02467887","TRESIBA (insulin degludec 200 unit per mL solution for injection) NOVO NORDISK CANADA INC","mp_formal_name: ""TRESIBA (insulin degludec 200 unit per mL solution for injection) NOVO NORDISK CANADA INC"" -> ""TRESIBA (insulin degludec 200 unit per mL solution for injection 3 mL pen) NOVO NORDISK CANADA INC"""
"02468018","M-AMLODIPINE (amlodipine (amlodipine besylate) 2.5 mg oral tablet) MANTRA PHARMA INC","ADDED"
"02468042","GALAFOLD (migalastat (migalastat hydrochloride) 123 mg oral capsule) AMICUS THERAPEUTICS UK LTD","ADDED"
"02468085","SUBOXONE (buprenorphine (buprenorphine hydrochloride) 12 mg and naloxone (naloxone hydrochloride dihydrate) 3 mg sublingual tablet) INDIVIOR UK LIMITED","ADDED"
"02468093","SUBOXONE (buprenorphine (buprenorphine hydrochloride) 16 mg and naloxone (naloxone hydrochloride dihydrate) 4 mg sublingual tablet) INDIVIOR UK LIMITED","ADDED"
"02468735","AKYNZEO (netupitant 300 mg and palonosetron (palonosetron hydrochloride) 0.5 mg oral capsule) PURDUE PHARMA","ADDED"
"02468786","MINT-HYDRALAZINE (hydralazine hydrochloride 25 mg oral tablet) MINT PHARMACEUTICALS INC","ADDED"
"02468794","MINT-HYDRALAZINE (hydralazine hydrochloride 50 mg oral tablet) MINT PHARMACEUTICALS INC","ADDED"
"02468816","IMFINZI (durvalumab 50 mg per mL solution for injection) ASTRAZENECA CANADA INC","DELETED"
"02469227","LARTRUVO (olaratumab 500 mg per 50 mL solution for injection) ELI LILLY CANADA INC","mp_formal_name: ""LARTRUVO (olaratumab 500 mg per 50 mL solution for injection) ELI LILLY CANADA INC"" -> ""LARTRUVO (olaratumab 500 mg per 50 mL solution for injection vial) ELI LILLY CANADA INC"""
"02469367","PREVYMIS 240 MG/12 ML SINGLE-DOSE VIAL (letermovir 20 mg per mL solution for injection) MERCK CANADA INC","mp_formal_name: ""PREVYMIS 240 MG/12 ML SINGLE-DOSE VIAL (letermovir 20 mg per mL solution for injection) MERCK CANADA INC"" -> ""PREVYMIS 240 MG/12 ML SINGLE-DOSE VIAL (letermovir 240 mg per 12 mL solution for injection vial) MERCK CANADA INC"""
"02469405","PREVYMIS 480 MG/24 ML SINGLE-DOSE VIAL (letermovir 20 mg per mL solution for injection) MERCK CANADA INC","mp_formal_name: ""PREVYMIS 480 MG/24 ML SINGLE-DOSE VIAL (letermovir 20 mg per mL solution for injection) MERCK CANADA INC"" -> ""PREVYMIS 480 MG/24 ML SINGLE-DOSE VIAL (letermovir 480 mg per 24 mL solution for injection vial) MERCK CANADA INC"""
"02469723","BAVENCIO (avelumab 20 mg per mL solution for injection) EMD SERONO A DIVISION OF EMD INC CANADA","mp_formal_name: ""BAVENCIO (avelumab 20 mg per mL solution for injection) EMD SERONO A DIVISION OF EMD INC CANADA"" -> ""BAVENCIO (avelumab 200 mg per 10 mL solution for injection vial) EMD SERONO A DIVISION OF EMD INC CANADA"""
"02469758","TREMFYA (guselkumab 100 mg per 1 mL solution for injection) JANSSEN INC","mp_formal_name: ""TREMFYA (guselkumab 100 mg per 1 mL solution for injection) JANSSEN INC"" -> ""TREMFYA (guselkumab 100 mg per 1 mL solution for injection syringe) JANSSEN INC"""
"02470225","SANDOZ PERINDOPRIL ERBUMINE (perindopril erbumine 2 mg oral tablet) SANDOZ CANADA INCORPORATED","ADDED"
"02470233","SANDOZ PERINDOPRIL ERBUMINE (perindopril erbumine 4 mg oral tablet) SANDOZ CANADA INCORPORATED","ADDED"
"02470241","SANDOZ PERINDOPRIL ERBUMINE (perindopril erbumine 8 mg oral tablet) SANDOZ CANADA INCORPORATED","ADDED"
"02470365","DUPIXENT (dupilumab 300 mg per 2 mL solution for injection syringe) SANOFI-AVENTIS CANADA INC","ADDED"
"02470411","SANDOZ PERINDOPRIL ERBUMINE/ INDAPAMIDE LD (indapamide 0.625 mg and perindopril erbumine 2 mg oral tablet) SANDOZ CANADA INCORPORATED","ADDED"
"02470438","SANDOZ PERINDOPRIL ERBUMINE/ INDAPAMIDE (indapamide 1.25 mg and perindopril erbumine 4 mg oral tablet) SANDOZ CANADA INCORPORATED","ADDED"
"02470446","SANDOZ PERINDOPRIL ERBUMINE/ INDAPAMIDE HD (indapamide 2.5 mg and perindopril erbumine 8 mg oral tablet) SANDOZ CANADA INCORPORATED","ADDED"
"02470675","PMS-PERINDOPRIL (perindopril erbumine 2 mg oral tablet) PHARMASCIENCE INC","ADDED"
"02470683","PMS-PERINDOPRIL (perindopril erbumine 4 mg oral tablet) PHARMASCIENCE INC","ADDED"
"02470691","PMS-PERINDOPRIL (perindopril erbumine 8 mg oral tablet) PHARMASCIENCE INC","ADDED"
"02471027","XIIDRA (lifitegrast 5 % ophthalmic drops) SHIRE PHARMA CANADA ULC","ADDED"
"02471167","M-ATORVASTATIN (atorvastatin (atorvastatin calcium) 10 mg oral tablet) MANTRA PHARMA INC","ADDED"
"02471175","M-ATORVASTATIN (atorvastatin (atorvastatin calcium) 20 mg oral tablet) MANTRA PHARMA INC","ADDED"
"02471183","M-ATORVASTATIN (atorvastatin (atorvastatin calcium) 40 mg oral tablet) MANTRA PHARMA INC","ADDED"
"02471191","M-ATORVASTATIN (atorvastatin (atorvastatin calcium) 80 mg oral tablet) MANTRA PHARMA INC","ADDED"
"02471280","M-VENLAFAXINE XR (venlafaxine (venlafaxine hydrochloride) 37.5 mg prolonged-release oral capsule) MANTRA PHARMA INC","ADDED"
"02471299","M-VENLAFAXINE XR (venlafaxine (venlafaxine hydrochloride) 75 mg prolonged-release oral capsule) MANTRA PHARMA INC","ADDED"
"02471302","M-VENLAFAXINE XR (venlafaxine (venlafaxine hydrochloride) 150 mg prolonged-release oral capsule) MANTRA PHARMA INC","ADDED"
"02471388","M-CLARITHROMYCIN (clarithromycin 250 mg oral tablet) MANTRA PHARMA INC","ADDED"
"02471396","M-CLARITHROMYCIN (clarithromycin 500 mg oral tablet) MANTRA PHARMA INC","ADDED"
"02472015","RIVA-PERINDOPRIL (perindopril erbumine 2 mg oral tablet) LABORATOIRE RIVA INC","ADDED"
"02472023","RIVA-PERINDOPRIL (perindopril erbumine 4 mg oral tablet) LABORATOIRE RIVA INC","ADDED"
"02472031","RIVA-PERINDOPRIL (perindopril erbumine 8 mg oral tablet) LABORATOIRE RIVA INC","ADDED"
"02472791","M-MOXIFLOXACIN (moxifloxacin (moxifloxacin hydrochloride) 400 mg oral tablet) MANTRA PHARMA INC","ADDED"
"0508da966fe5eaaab99442b5e946dc59","LEVOFLOXACIN IN 5% DEXTROSE INJECTION (levofloxacin 250 mg per 50 mL solution for injection bag) PFIZER CANADA INC","ADDED"
"4f5d1d2c4479ff5644711c37089c4a55","LEVOFLOXACIN IN 5% DEXTROSE INJECTION (levofloxacin 750 mg per 150 mL solution for injection bag) PFIZER CANADA INC","ADDED"
"700228","CLINDAMYCIN INJECTION (clindamycin (clindamycin phosphate) 9000 mg per 60 mL solution for injection vial) FRESENIUS KABI CANADA LTD","mp_formal_name: ""CLINDAMYCIN INJECTION (clindamycin (clindamycin phosphate) 9000 mg per 60 mL solution for injection vial) FRESENIUS KABI CANADA LTD"" -> ""CLINDAMYCIN INJECTION (clindamycin (clindamycin phosphate) 150 mg per mL solution for injection 60 mL vial) FRESENIUS KABI CANADA LTD"""
"700240","DALACIN C PHOSPHATE (clindamycin (clindamycin phosphate) 9000 mg per 60 mL solution for injection vial) PFIZER CANADA INC","mp_formal_name: ""DALACIN C PHOSPHATE (clindamycin (clindamycin phosphate) 9000 mg per 60 mL solution for injection vial) PFIZER CANADA INC"" -> ""DALACIN C PHOSPHATE (clindamycin (clindamycin phosphate) 150 mg per mL solution for injection 60 mL vial) PFIZER CANADA INC"""
"700244","DEXAMETHASONE-OMEGA (dexamethasone phosphate (dexamethasone sodium phosphate) 4 mg per 1 mL solution for injection vial) OMEGA LABORATORIES LTD","DELETED"
"700524","NALOXONE HCL INJECTION - 0.4MG/ML USP (naloxone hydrochloride 4 mg per 10 mL solution for injection vial) SANDOZ CANADA INCORPORATED","ADDED"
"700525","NALOXONE HCL INJECTION - 0.4MG/ML USP (naloxone hydrochloride 0.4 mg per 1 mL solution for injection ampoule) SANDOZ CANADA INCORPORATED","ADDED"
"700526","ZOFRAN (ondansetron (ondansetron hydrochloride dihydrate) 2 mg per mL solution for injection 20 mL vial) NOVARTIS PHARMACEUTICALS CANADA INC","ADDED"
"700527","ZOFRAN (ondansetron (ondansetron hydrochloride dihydrate) 4 mg per 2 mL solution for injection ampoule) NOVARTIS PHARMACEUTICALS CANADA INC","ADDED"
"700528","ZOFRAN (ondansetron (ondansetron hydrochloride dihydrate) 8 mg per 4 mL solution for injection ampoule) NOVARTIS PHARMACEUTICALS CANADA INC","ADDED"
"700529","CIPROFLOXACIN INJECTION USP (ciprofloxacin 200 mg per 20 mL solution for injection vial) SANDOZ CANADA INCORPORATED","ADDED"
"700530","CIPROFLOXACIN INJECTION USP (ciprofloxacin 400 mg per 40 mL solution for injection vial) SANDOZ CANADA INCORPORATED","ADDED"
"700531","ONDANSETRON INJECTION PRESERVATIVE-FREE (ondansetron (ondansetron hydrochloride dihydrate) 8 mg per 4 mL solution for injection vial) TEVA CANADA LIMITED","ADDED"
"700532","ONDANSETRON INJECTION PRESERVATIVE-FREE (ondansetron (ondansetron hydrochloride dihydrate) 4 mg per 2 mL solution for injection vial) TEVA CANADA LIMITED","ADDED"
"700533","CIPROFLOXACIN INTRAVENOUS INFUSION (ciprofloxacin 200 mg per 100 mL solution for injection bag) TEVA CANADA LIMITED","ADDED"
"700534","CIPROFLOXACIN INTRAVENOUS INFUSION (ciprofloxacin 400 mg per 200 mL solution for injection bag) TEVA CANADA LIMITED","ADDED"
"700535","ONDANSETRON OMEGA   -(PRESERVATIVE FREE - SINGLE DOSE VIALS) (ondansetron (ondansetron hydrochloride dihydrate) 4 mg per 2 mL solution for injection vial) OMEGA LABORATORIES LTD","ADDED"
"700536","ONDANSETRON OMEGA   -(PRESERVATIVE FREE - SINGLE DOSE VIALS) (ondansetron (ondansetron hydrochloride dihydrate) 8 mg per 4 mL solution for injection vial) OMEGA LABORATORIES LTD","ADDED"
"700537","ONDANSETRON HYDROCHLORIDE DIHYDRATE INJECTION (ondansetron (ondansetron hydrochloride dihydrate) 4 mg per 2 mL solution for injection vial) SANDOZ CANADA INCORPORATED","ADDED"
"700538","ONDANSETRON HYDROCHLORIDE DIHYDRATE INJECTION (ondansetron (ondansetron hydrochloride dihydrate) 8 mg per 4 mL solution for injection vial) SANDOZ CANADA INCORPORATED","ADDED"
"700539","ONDANSETRON INJECTION USP     -(PRESERVATIVE FREE) (ondansetron (ondansetron hydrochloride dihydrate) 4 mg per 2 mL solution for injection vial) HOSPIRA HEALTHCARE CORPORATION","ADDED"
"700540","ONDANSETRON INJECTION USP     -(PRESERVATIVE FREE) (ondansetron (ondansetron hydrochloride dihydrate) 8 mg per 4 mL solution for injection vial) HOSPIRA HEALTHCARE CORPORATION","ADDED"
"700541","ONDANSETRON INJECTION USP     -(PRESERVATIVE FREE) (ondansetron (ondansetron hydrochloride dihydrate) 4 mg per 2 mL solution for injection vial) SANDOZ CANADA INCORPORATED","ADDED"
"700542","ONDANSETRON INJECTION USP     -(PRESERVATIVE FREE) (ondansetron (ondansetron hydrochloride dihydrate) 8 mg per 4 mL solution for injection vial) SANDOZ CANADA INCORPORATED","ADDED"
"700543","CIPROFLOXACIN INJECTION (ciprofloxacin (ciprofloxacin lactate) 400 mg per 200 mL solution for injection bag) CLARIS PHARMASERVICES","ADDED"
"700544","CIPROFLOXACIN INJECTION (ciprofloxacin (ciprofloxacin lactate) 200 mg per 100 mL solution for injection bag) CLARIS PHARMASERVICES","ADDED"
"700545","CIPROFLOXACIN INJECTION USP (ciprofloxacin 400 mg per 200 mL solution for injection bag) PFIZER CANADA INC","ADDED"
"700546","CIPROFLOXACIN INJECTION USP (ciprofloxacin 200 mg per 100 mL solution for injection bag) PFIZER CANADA INC","ADDED"
"700547","CIPROFLOXACIN INTRAVENOUS INFUSION, BP (ciprofloxacin 200 mg per 100 mL solution for injection bag) APOTEX INC","ADDED"
"700548","CIPROFLOXACIN INTRAVENOUS INFUSION, BP (ciprofloxacin 400 mg per 200 mL solution for injection bag) APOTEX INC","ADDED"
"700549","GRANISETRON HYDROCHLORIDE INJECTION (granisetron (granisetron hydrochloride) 1 mg per 1 mL solution for injection vial) SANDOZ CANADA INCORPORATED","ADDED"
"700550","GRANISETRON HYDROCHLORIDE INJECTION (granisetron (granisetron hydrochloride) 4 mg per 4 mL solution for injection vial) SANDOZ CANADA INCORPORATED","ADDED"
"700551","CIPROFLOXACIN INTRAVENOUS INFUSION BP (ciprofloxacin 400 mg per 200 mL solution for injection bag) SANDOZ CANADA INCORPORATED","ADDED"
"700552","CIPROFLOXACIN INTRAVENOUS INFUSION BP (ciprofloxacin 200 mg per 100 mL solution for injection bag) SANDOZ CANADA INCORPORATED","ADDED"
"700553","GRANISETRON HYDROCHLORIDE INJECTION (granisetron (granisetron hydrochloride) 4 mg per 4 mL solution for injection vial) OMEGA LABORATORIES LTD","ADDED"
"700554","GRANISETRON HYDROCHLORIDE INJECTION (granisetron (granisetron hydrochloride) 1 mg per 1 mL solution for injection vial) OMEGA LABORATORIES LTD","ADDED"
"700555","CIPROFLOXACIN INJECTION (ciprofloxacin (ciprofloxacin lactate) 400 mg per 200 mL solution for injection bag) OMEGA LABORATORIES LTD","ADDED"
"700556","CIPROFLOXACIN INJECTION (ciprofloxacin (ciprofloxacin lactate) 200 mg per 100 mL solution for injection bag) OMEGA LABORATORIES LTD","ADDED"
"700557","GRANISETRON HYDROCHLORIDE INJECTION SDZ (granisetron (granisetron hydrochloride) 1 mg per 1 mL solution for injection ampoule) SANDOZ CANADA INCORPORATED","ADDED"
"700558","GRANISETRON HYDROCHLORIDE INJECTION SDZ (granisetron (granisetron hydrochloride) 3 mg per 3 mL solution for injection ampoule) SANDOZ CANADA INCORPORATED","ADDED"
"700559","ONDANSETRON INJECTION, USP WITHOUT PRESERVATIVES (ondansetron (ondansetron hydrochloride dihydrate) 4 mg per 2 mL solution for injection ampoule) MYLAN PHARMACEUTICALS ULC","ADDED"
"700560","ONDANSETRON INJECTION, USP WITHOUT PRESERVATIVES (ondansetron (ondansetron hydrochloride dihydrate) 8 mg per 4 mL solution for injection vial) MYLAN PHARMACEUTICALS ULC","ADDED"
"700561","ONDANSETRON INJECTION, USP WITHOUT PRESERVATIVES (ondansetron (ondansetron hydrochloride dihydrate) 8 mg per 4 mL solution for injection ampoule) MYLAN PHARMACEUTICALS ULC","ADDED"
"700562","ONDANSETRON INJECTION, USP WITHOUT PRESERVATIVES (ondansetron (ondansetron hydrochloride dihydrate) 4 mg per 2 mL solution for injection vial) MYLAN PHARMACEUTICALS ULC","ADDED"
"700563","IRINOTECAN HYDROCHLORIDE INJECTION (irinotecan hydrochloride (irinotecan hydrochloride trihydrate) 40 mg per 2 mL solution for injection vial) TELIGENT OU","ADDED"
"700564","IRINOTECAN HYDROCHLORIDE INJECTION (irinotecan hydrochloride (irinotecan hydrochloride trihydrate) 100 mg per 5 mL solution for injection vial) TELIGENT OU","ADDED"
"700565","IRINOTECAN HYDROCHLORIDE INJECTION (irinotecan hydrochloride (irinotecan hydrochloride trihydrate) 500 mg per 25 mL solution for injection vial) TELIGENT OU","ADDED"
"700566","IRINOTECAN HYDROCHLORIDE INJECTION (irinotecan hydrochloride (irinotecan hydrochloride trihydrate) 300 mg per 15 mL solution for injection vial) TELIGENT OU","ADDED"
"700567","JAMP-ONDANSETRON SINGLE-DOSE VIAL (ondansetron (ondansetron hydrochloride dihydrate) 4 mg per 2 mL solution for injection ampoule) JAMP PHARMA CORPORATION","ADDED"
"700568","JAMP-ONDANSETRON SINGLE-DOSE VIAL (ondansetron (ondansetron hydrochloride dihydrate) 8 mg per 4 mL solution for injection vial) JAMP PHARMA CORPORATION","ADDED"
"700569","JAMP-ONDANSETRON SINGLE-DOSE VIAL (ondansetron (ondansetron hydrochloride dihydrate) 8 mg per 4 mL solution for injection ampoule) JAMP PHARMA CORPORATION","ADDED"
"700570","JAMP-ONDANSETRON SINGLE-DOSE VIAL (ondansetron (ondansetron hydrochloride dihydrate) 4 mg per 2 mL solution for injection vial) JAMP PHARMA CORPORATION","ADDED"
"700571","PRECEDEX (dexmedetomidine (dexmedetomidine hydrochloride) 400 mcg per 100 mL solution for injection vial) PFIZER CANADA INC","ADDED"
"700572","PRECEDEX (dexmedetomidine (dexmedetomidine hydrochloride) 80 mcg per 20 mL solution for injection vial) PFIZER CANADA INC","ADDED"
"700573","PRECEDEX (dexmedetomidine (dexmedetomidine hydrochloride) 200 mcg per 50 mL solution for injection vial) PFIZER CANADA INC","ADDED"
"700574","IMFINZI (durvalumab 120 mg per 2.4 mL solution for injection vial) ASTRAZENECA CANADA INC","ADDED"
"700575","IMFINZI (durvalumab 500 mg per 10 mL solution for injection vial) ASTRAZENECA CANADA INC","ADDED"
"9a9febb60f9091282a48332bdda304c7","LEVOFLOXACIN IN 5% DEXTROSE INJECTION (levofloxacin 500 mg per 100 mL solution for injection bag) PFIZER CANADA INC","ADDED"
"b47cadf9beb1d67f04d09d0318a9f2ca","FLUCONAZOLE INJECTION (fluconazole 200 mg per 100 mL solution for injection vial) TEVA CANADA LIMITED","ADDED"
"f2e7201fff27ce60bc6fe4b3f5572123","FLUCONAZOLE INJECTION (fluconazole 200 mg per 100 mL solution for injection bag) TEVA CANADA LIMITED","ADDED"
