drug_code,mp_code,mp_formal_name,mp_fr_description,changes
933,00029149,FUNGIZONE (amphotericin B 50 mg per vial powder for solution for injection) CHEPLAPHARM ARZNEIMITTEL GMBH,FUNGIZONE (amphotéricine B 50 mg par fiole poudre pour solution injectable) CHEPLAPHARM ARZNEIMITTEL GMBH,ADDED
1668,00266507,ADASEPT LIQ 0.5% (triclosan 0.5 % cutaneous liquid) ODAN LABORATORIES LTD,"ADASEPT LIQ 0.5% (triclosan 0,5 % liquide cutané) ODAN LABORATORIES LTD",ADDED
1905,00261998,SODIUM BICARBONATE INJECTION USP (sodium bicarbonate 84 mg per mL solution for injection) PFIZER CANADA ULC,SODIUM BICARBONATE INJECTION USP (bicarbonate de sodium 84 mg par mL solution injectable) PFIZER CANADA ULC,ADDED
2527,00037869,POTASSIUM CHLORIDE FOR INJECTION CONCENTRATE USP (potassium chloride 149 mg per mL solution for injection) PFIZER CANADA ULC,POTASSIUM CHLORIDE FOR INJECTION CONCENTRATE USP (chlorure de potassium 149 mg par mL solution injectable) PFIZER CANADA ULC,ADDED
3394,00402206,POTASSIUM CHLORIDE FOR INJECTION CONCENTRATE (potassium chloride 20 meq per 10 mL solution for injection) OMEGA LABORATORIES LIMITED,POTASSIUM CHLORIDE FOR INJECTION CONCENTRATE (chlorure de potassium 20 meq par 10 mL solution injectable) OMEGA LABORATORIES LIMITED,ADDED
3837,00038083,SODIUM BICARBONATE INJECTION USP (sodium bicarbonate 45 mmol per 50 mL solution for injection syringe) PFIZER CANADA ULC,SODIUM BICARBONATE INJECTION USP (bicarbonate de sodium 45 mmol par 50 mL solution injectable seringue) PFIZER CANADA ULC,ADDED
4902,00545066,APO-METRONIDAZOLE TABLETS (metronidazole 250 mg oral tablet) APOTEX INC,APO-METRONIDAZOLE TABLETS (métronidazole 250 mg comprimé oral) APOTEX INC,"Health_Canada_product_name: ""METRONIDAZOLE"" -> ""APO-METRONIDAZOLE TABLETS""
mp_formal_name: ""METRONIDAZOLE (metronidazole 250 mg oral tablet) AA̲ ̲P̲H̲A̲R̲M̲A̲ INC"" -> ""A̲P̲O̲-̲METRONIDAZOLE ̲T̲A̲B̲L̲E̲T̲S̲ (metronidazole 250 mg oral tablet) AP̲O̲T̲E̲X̲ INC""
mp_fr_description: ""METRONIDAZOLE (métronidazole 250 mg comprimé oral) AA̲ ̲P̲H̲A̲R̲M̲A̲ INC"" -> ""A̲P̲O̲-̲METRONIDAZOLE ̲T̲A̲B̲L̲E̲T̲S̲ (métronidazole 250 mg comprimé oral) AP̲O̲T̲E̲X̲ INC"""
6171,00614491,DOLORAL SIROP (morphine hydrochloride 1 mg per mL syrup) LABORATOIRE ATLAS INC,DOLORAL SIROP (chlorhydrate de morphine 1 mg par mL sirop) LABORATOIRE ATLAS INC,"Health_Canada_product_name: ""DOLORAL 1 SIROP 1MG/ML"" -> ""DOLORAL SIROP""
mp_formal_name: ""DOLORAL 1̲ ̲SIROP ̲1̲M̲G̲/̲M̲L̲ (morphine hydrochloride 1 mg per mL syrup) LABORATOIRE ATLAS INC"" -> ""DOLORAL SIROP (morphine hydrochloride 1 mg per mL syrup) LABORATOIRE ATLAS INC""
mp_fr_description: ""DOLORAL 1̲ ̲SIROP ̲1̲M̲G̲/̲M̲L̲ (chlorhydrate de morphine 1 mg par mL sirop) LABORATOIRE ATLAS INC"" -> ""DOLORAL SIROP (chlorhydrate de morphine 1 mg par mL sirop) LABORATOIRE ATLAS INC"""
6775,00691623,BICARBONATE CONCENTRATE D17000 (sodium bicarbonate 81.3 g per l solution for haemodialysis) BAXTER CORPORATION,"BICARBONATE CONCENTRATE D17000 (bicarbonate de sodium 81,3 g par l solution pour hémodialyse) BAXTER CORPORATION",ADDED
8350,00261971,SODIUM BICARBONATE INJECTION USP (sodium bicarbonate 5 mmol per 10 mL solution for injection syringe) PFIZER CANADA ULC,SODIUM BICARBONATE INJECTION USP (bicarbonate de sodium 5 mmol par 10 mL solution injectable seringue) PFIZER CANADA ULC,ADDED
9993,00781878,VITAMIN K1 (phytonadione 1 mg per 0.5 mL emulsion for injection ampoule) SANDOZ CANADA INCORPORATED,"VITAMIN K1 (phytonadione 1 mg par 0,5 mL émulsion injectable ampoule) SANDOZ CANADA INCORPORATED","Health_Canada_product_name: ""VITAMIN K1 INJ 1MG/0.5ML USP"" -> ""VITAMIN K1""
mp_formal_name: ""VITAMIN K1 ̲I̲N̲J̲ ̲1̲M̲G̲/̲0̲.̲5̲M̲L̲ ̲U̲S̲P̲ (phytonadione 1 mg per 0.5 mL emulsion for injection ampoule) SANDOZ CANADA INCORPORATED"" -> ""VITAMIN K1 (phytonadione 1 mg per 0.5 mL emulsion for injection ampoule) SANDOZ CANADA INCORPORATED""
mp_fr_description: ""VITAMIN K1 ̲I̲N̲J̲ ̲1̲M̲G̲/̲0̲.̲5̲M̲L̲ ̲U̲S̲P̲ (phytonadione 1 mg par 0,5 mL émulsion injectable ampoule) SANDOZ CANADA INCORPORATED"" -> ""VITAMIN K1 (phytonadione 1 mg par 0,5 mL émulsion injectable ampoule) SANDOZ CANADA INCORPORATED"""
9994,00804312,VITAMIN K1 (phytonadione 10 mg per 1 mL emulsion for injection ampoule) SANDOZ CANADA INCORPORATED,VITAMIN K1 (phytonadione 10 mg par 1 mL émulsion injectable ampoule) SANDOZ CANADA INCORPORATED,"Health_Canada_product_name: ""VITAMIN K1 INJ 10MG/ML USP"" -> ""VITAMIN K1""
mp_formal_name: ""VITAMIN K1 ̲I̲N̲J̲ ̲1̲0̲M̲G̲/̲M̲L̲ ̲U̲S̲P̲ (phytonadione 10 mg per 1 mL emulsion for injection ampoule) SANDOZ CANADA INCORPORATED"" -> ""VITAMIN K1 (phytonadione 10 mg per 1 mL emulsion for injection ampoule) SANDOZ CANADA INCORPORATED""
mp_fr_description: ""VITAMIN K1 ̲I̲N̲J̲ ̲1̲0̲M̲G̲/̲M̲L̲ ̲U̲S̲P̲ (phytonadione 10 mg par 1 mL émulsion injectable ampoule) SANDOZ CANADA INCORPORATED"" -> ""VITAMIN K1 (phytonadione 10 mg par 1 mL émulsion injectable ampoule) SANDOZ CANADA INCORPORATED"""
10509,00804789,POTASSIUM PHOSPHATES (phosphorus (potassium phosphate dibasic and potassium phosphate monobasic) 30 mmol per 10 mL and potassium (potassium phosphate dibasic and potassium phosphate monobasic) 44 mmol per 10 mL solution for injection vial) SANDOZ CANADA INCORPORATED,POTASSIUM PHOSPHATES (phosphore (phosphate de potassium dibasique et phosphate de potassium monobasique) 30 mmol par 10 mL et potassium (phosphate de potassium dibasique et phosphate de potassium monobasique) 44 mmol par 10 mL solution injectable fiole) SANDOZ CANADA INCORPORATED,ADDED
11537,00779237,BACTI-STAT 0.3% (triclosan 0.3 % cutaneous liquid) ECOLAB CO,"BACTI-STAT 0.3% (triclosan 0,3 % liquide cutané) ECOLAB CO",ADDED
11597,00614505,DOLORAL SIROP (morphine hydrochloride 5 mg per mL syrup) LABORATOIRE ATLAS INC,DOLORAL SIROP (chlorhydrate de morphine 5 mg par mL sirop) LABORATOIRE ATLAS INC,"Health_Canada_product_name: ""DOLORAL 5 SIROP 5MG/ML"" -> ""DOLORAL SIROP""
mp_formal_name: ""DOLORAL 5̲ ̲SIROP ̲5̲M̲G̲/̲M̲L̲ (morphine hydrochloride 5 mg per mL syrup) LABORATOIRE ATLAS INC"" -> ""DOLORAL SIROP (morphine hydrochloride 5 mg per mL syrup) LABORATOIRE ATLAS INC""
mp_fr_description: ""DOLORAL 5̲ ̲SIROP ̲5̲M̲G̲/̲M̲L̲ (chlorhydrate de morphine 5 mg par mL sirop) LABORATOIRE ATLAS INC"" -> ""DOLORAL SIROP (chlorhydrate de morphine 5 mg par mL sirop) LABORATOIRE ATLAS INC"""
12639,01977873,GERMICIDAL HAND SOAP LIQ 0.6% (chloroxylenol 0.6 % cutaneous liquid) OSTREM CHEMICAL CO LTD.,"GERMICIDAL HAND SOAP LIQ 0.6% (chloroxylénol 0,6 % liquide cutané) OSTREM CHEMICAL CO LTD.",ADDED
13600,01974548,MICRO I (iodide (sodium iodide) 1000 mcg per 10 mL solution for injection vial) SANDOZ CANADA INCORPORATED,MICRO I (iodure (iodure de sodium) 1000 mcg par 10 mL solution injectable fiole) SANDOZ CANADA INCORPORATED,ADDED
13833,01905740,K + 45 (potassium chloride 251.6 g per l solution for haemodialysis) BAXTER CORPORATION,"K + 45 (chlorure de potassium 251,6 g par l solution pour hémodialyse) BAXTER CORPORATION",ADDED
16678,02063670,SANTYL (collagenase clostridium histolyticum 250 unit per g cutaneous ointment) SMITH & NEPHEW INC,SANTYL (collagénase de clostridium histolyticum 250 unité par g pommade cutanée) SMITH & NEPHEW INC,DELETED
17276,02131064,LIORESAL INTRATHECAL 2MG/ML (baclofen 10 mg per 5 mL solution for injection ampoule) NOVARTIS PHARMACEUTICALS CANADA INC,LIORESAL INTRATHECAL 2MG/ML (baclofène 10 mg par 5 mL solution injectable ampoule) NOVARTIS PHARMACEUTICALS CANADA INC,DELETED
17954,02131056,LIORESAL INTRATHECAL 0.5MG/ML (baclofen 10 mg per 20 mL solution for injection ampoule) NOVARTIS PHARMACEUTICALS CANADA INC,LIORESAL INTRATHECAL 0.5MG/ML (baclofène 10 mg par 20 mL solution injectable ampoule) NOVARTIS PHARMACEUTICALS CANADA INC,DELETED
18208,02131471,VIROBEX-P (chloroxylenol 0.6 % cutaneous liquid) GERMIPHENE CORPORATION,"VIROBEX-P (chloroxylénol 0,6 % liquide cutané) GERMIPHENE CORPORATION",ADDED
18310,02161060,CALCIUM-45  0.25-4.5 (calcium chloride 7.45 g per bottle powder for concentrate for solution for haemodialysis) BAXTER CORPORATION,"CALCIUM-45  0.25-4.5 (chlorure de calcium 7,45 g par bouteille poudre pour solution à diluer pour solution pour hémodialyse) BAXTER CORPORATION",ADDED
18321,02160986,CALCIUM-45  0.5-4.5 (calcium chloride 14.9 g per bottle powder for concentrate for solution for haemodialysis) BAXTER CORPORATION,"CALCIUM-45  0.5-4.5 (chlorure de calcium 14,9 g par bouteille poudre pour solution à diluer pour solution pour hémodialyse) BAXTER CORPORATION",ADDED
19442,02139545,"POTASSIUM PHOSPHATES INJECTION, USP (potassium phosphate dibasic 236 mg per mL and potassium phosphate monobasic 224 mg per mL solution for injection) FRESENIUS KABI CANADA LTD","POTASSIUM PHOSPHATES INJECTION, USP (phosphate de potassium dibasique 236 mg par mL et phosphate de potassium monobasique 224 mg par mL solution injectable) FRESENIUS KABI CANADA LTD",ADDED
20112,02219301,MAGNESIUM-45 0.5-4.5 (magnesium chloride 20.5 g per 4.5 l powder for concentrate for solution for haemodialysis) BAXTER CORPORATION,"MAGNESIUM-45 0.5-4.5 (chlorure de magnésium 20,5 g par 4,5 l poudre pour solution à diluer pour solution pour hémodialyse) BAXTER CORPORATION",ADDED
31360,02139529,"SODIUM ACETATE INJECTION, USP (sodium acetate 328 mg per mL solution for injection) FRESENIUS KABI CANADA LTD","SODIUM ACETATE INJECTION, USP (acétate de sodium 328 mg par mL solution injectable) FRESENIUS KABI CANADA LTD",ADDED
35083,02181746,SODIUM ACETATE INJECTION USP (sodium (sodium acetate) 4 mmol per mL solution for injection 50 mL vial) OMEGA LABORATORIES LIMITED,SODIUM ACETATE INJECTION USP (sodium (acétate de sodium) 4 mmol par mL solution injectable 50 mL fiole) OMEGA LABORATORIES LIMITED,ADDED
37283,02221616,SODIUM BICARBONATE USP FOR HEMODIALYSIS D12276 (sodium bicarbonate 650 g per sachet powder for concentrate for solution for haemodialysis) BAXTER CORPORATION,SODIUM BICARBONATE USP FOR HEMODIALYSIS D12276 (bicarbonate de sodium 650 g par sachet poudre pour solution à diluer pour solution pour hémodialyse) BAXTER CORPORATION,ADDED
41477,00373435,DETTOL (chloroxylenol 4.8 % cutaneous solution) RB HEALTH (CANADA) INC.,"DETTOL (chloroxylénol 4,8 % solution pour application cutanée) RB HEALTH (CANADA) INC.",ADDED
42943,02194457,DOXORUBICIN HYDROCHLORIDE FOR INJECTION USP (doxorubicin hydrochloride 10 mg per vial powder for solution for injection) PFIZER CANADA ULC,DOXORUBICIN HYDROCHLORIDE FOR INJECTION USP (chlorhydrate de doxorubicine 10 mg par fiole poudre pour solution injectable) PFIZER CANADA ULC,ADDED
42944,02194465,DOXORUBICIN HYDROCHLORIDE FOR INJECTION USP (doxorubicin hydrochloride 50 mg per vial powder for solution for injection) PFIZER CANADA ULC,DOXORUBICIN HYDROCHLORIDE FOR INJECTION USP (chlorhydrate de doxorubicine 50 mg par fiole poudre pour solution injectable) PFIZER CANADA ULC,ADDED
42945,02194473,DOXORUBICIN HYDROCHLORIDE FOR INJECTION USP (doxorubicin hydrochloride 150 mg per vial powder for solution for injection) PFIZER CANADA ULC,DOXORUBICIN HYDROCHLORIDE FOR INJECTION USP (chlorhydrate de doxorubicine 150 mg par fiole poudre pour solution injectable) PFIZER CANADA ULC,ADDED
43155,02215187,CAVERJECT STERILE POWDER - PWS 23.2MCG/VIAL (alprostadil 20 mcg per vial powder for solution for injection) PFIZER CANADA ULC,CAVERJECT STERILE POWDER - PWS 23.2MCG/VIAL (alprostadil 20 mcg par fiole poudre pour solution injectable) PFIZER CANADA ULC,ADDED
43531,02229269,ZYPREXA (olanzapine 5 mg oral tablet) ELI LILLY CANADA INC,ZYPREXA (olanzapine 5 mg comprimé oral) ELI LILLY CANADA INC,"Health_Canada_product_name: ""ZYPREXA - 5MG"" -> ""ZYPREXA""
mp_formal_name: ""ZYPREXA ̲-̲ ̲5̲M̲G̲ (olanzapine 5 mg oral tablet) ELI LILLY CANADA INC"" -> ""ZYPREXA (olanzapine 5 mg oral tablet) ELI LILLY CANADA INC""
mp_fr_description: ""ZYPREXA ̲-̲ ̲5̲M̲G̲ (olanzapine 5 mg comprimé oral) ELI LILLY CANADA INC"" -> ""ZYPREXA (olanzapine 5 mg comprimé oral) ELI LILLY CANADA INC"""
43533,02229285,ZYPREXA (olanzapine 10 mg oral tablet) ELI LILLY CANADA INC,ZYPREXA (olanzapine 10 mg comprimé oral) ELI LILLY CANADA INC,"Health_Canada_product_name: ""ZYPREXA - 10MG"" -> ""ZYPREXA""
mp_formal_name: ""ZYPREXA ̲-̲ ̲1̲0̲M̲G̲ (olanzapine 10 mg oral tablet) ELI LILLY CANADA INC"" -> ""ZYPREXA (olanzapine 10 mg oral tablet) ELI LILLY CANADA INC""
mp_fr_description: ""ZYPREXA ̲-̲ ̲1̲0̲M̲G̲ (olanzapine 10 mg comprimé oral) ELI LILLY CANADA INC"" -> ""ZYPREXA (olanzapine 10 mg comprimé oral) ELI LILLY CANADA INC"""
61179,02237820,AMERGE (naratriptan (naratriptan hydrochloride) 1 mg oral tablet) GLAXOSMITHKLINE INC,AMERGE (naratriptan (chlorhydrate de naratriptan) 1 mg comprimé oral) GLAXOSMITHKLINE INC,DELETED
61180,02237821,AMERGE (naratriptan (naratriptan hydrochloride) 2.5 mg oral tablet) GLAXOSMITHKLINE INC,"AMERGE (naratriptan (chlorhydrate de naratriptan) 2,5 mg comprimé oral) GLAXOSMITHKLINE INC",DELETED
61804,02238389,CAELYX (doxorubicin hydrochloride 20 mg per 10 mL suspension for injection vial) BAXTER CORPORATION,CAELYX (chlorhydrate de doxorubicine 20 mg par 10 mL suspension injectable fiole) BAXTER CORPORATION,ADDED
62290,02238850,ZYPREXA (olanzapine 15 mg oral tablet) ELI LILLY CANADA INC,ZYPREXA (olanzapine 15 mg comprimé oral) ELI LILLY CANADA INC,"Health_Canada_product_name: ""ZYPREXA 15MG"" -> ""ZYPREXA""
mp_formal_name: ""ZYPREXA ̲1̲5̲M̲G̲ (olanzapine 15 mg oral tablet) ELI LILLY CANADA INC"" -> ""ZYPREXA (olanzapine 15 mg oral tablet) ELI LILLY CANADA INC""
mp_fr_description: ""ZYPREXA ̲1̲5̲M̲G̲ (olanzapine 15 mg comprimé oral) ELI LILLY CANADA INC"" -> ""ZYPREXA (olanzapine 15 mg comprimé oral) ELI LILLY CANADA INC"""
62291,02238851,ZYPREXA (olanzapine 20 mg oral tablet) ELI LILLY CANADA INC,ZYPREXA (olanzapine 20 mg comprimé oral) ELI LILLY CANADA INC,"Health_Canada_product_name: ""ZYPREXA 20MG"" -> ""ZYPREXA""
mp_formal_name: ""ZYPREXA ̲2̲0̲M̲G̲ (olanzapine 20 mg oral tablet) ELI LILLY CANADA INC"" -> ""ZYPREXA (olanzapine 20 mg oral tablet) ELI LILLY CANADA INC""
mp_fr_description: ""ZYPREXA ̲2̲0̲M̲G̲ (olanzapine 20 mg comprimé oral) ELI LILLY CANADA INC"" -> ""ZYPREXA (olanzapine 20 mg comprimé oral) ELI LILLY CANADA INC"""
62780,02239311,ECOCARE 250 (triclosan 0.3 % cutaneous liquid) ECOLAB CO,"ECOCARE 250 (triclosan 0,3 % liquide cutané) ECOLAB CO",ADDED
62787,02239318,ECOCARE 360 (benzalkonium chloride 0.13 % cutaneous liquid) ECOLAB CO,"ECOCARE 360 (chlorure de benzalkonium 0,13 % liquide cutané) ECOLAB CO",ADDED
65288,02241630,AMBISOME (amphotericin B 50 mg per vial powder for solution for injection) ASTELLAS PHARMA CANADA INC,AMBISOME (amphotéricine B 50 mg par fiole poudre pour solution injectable) ASTELLAS PHARMA CANADA INC,ADDED
65336,02241676,POTASSIUM CHLORIDE INJECTION (potassium (potassium chloride) 10 mmol per 100 mL solution for injection bag) BAXTER CORPORATION,POTASSIUM CHLORIDE INJECTION (potassium (chlorure de potassium) 10 mmol par 100 mL solution injectable sac) BAXTER CORPORATION,ADDED
65337,02241677,POTASSIUM CHLORIDE INJECTION (potassium chloride 20 meq per 100 mL solution for injection) BAXTER CORPORATION,POTASSIUM CHLORIDE INJECTION (chlorure de potassium 20 meq par 100 mL solution injectable) BAXTER CORPORATION,ADDED
65339,02241679,POTASSIUM CHLORIDE INJECTION (potassium chloride 40 meq per 100 mL solution for injection) BAXTER CORPORATION,POTASSIUM CHLORIDE INJECTION (chlorure de potassium 40 meq par 100 mL solution injectable) BAXTER CORPORATION,ADDED
66672,02242842,DIGISAN E FOAM HAND SANITIZER (benzalkonium chloride 0.1 % cutaneous liquid) ECOLAB CO,"DIGISAN E FOAM HAND SANITIZER (chlorure de benzalkonium 0,1 % liquide cutané) ECOLAB CO",ADDED
66676,02242846,DIGICLEAN ANTIBACTERIAL FOAM HAND SOAP (triclosan 0.3 % cutaneous liquid) ECOLAB CO,"DIGICLEAN ANTIBACTERIAL FOAM HAND SOAP (triclosan 0,3 % liquide cutané) ECOLAB CO",ADDED
66677,02242847,DIGICLEAN E FOAM HAND SOAP (chloroxylenol 1 % cutaneous liquid) ECOLAB CO,DIGICLEAN E FOAM HAND SOAP (chloroxylénol 1 % liquide cutané) ECOLAB CO,ADDED
67891,02243948,PUREGON (follitropin beta 833 unit per mL solution for injection) ORGANON CANADA INC.,PUREGON (follitropine bêta 833 unité par mL solution injectable) ORGANON CANADA INC.,ADDED
67995,02244052,KEYSTONE ANTIBACTERIAL FOAM HAND SOAP (triclosan 0.3 % cutaneous liquid) ECOLAB CO,"KEYSTONE ANTIBACTERIAL FOAM HAND SOAP (triclosan 0,3 % liquide cutané) ECOLAB CO",ADDED
68470,02244494,TEVA-LEVOCARBIDOPA (carbidopa 10 mg and levodopa 100 mg oral tablet) TEVA CANADA LIMITED,TEVA-LEVOCARBIDOPA (carbidopa 10 mg et lévodopa 100 mg comprimé oral) TEVA CANADA LIMITED,DELETED
70601,02246427,KEYSTONE FOAM HAND SANITIZER (benzalkonium chloride 0.1 % cutaneous liquid) ECOLAB CO,"KEYSTONE FOAM HAND SANITIZER (chlorure de benzalkonium 0,1 % liquide cutané) ECOLAB CO",ADDED
71113,02246888,AVAGARD CHG (alcohol anhydrous 61 % and chlorhexidine gluconate 1 % lotion) 3M CANADA COMPANY,AVAGARD CHG (alcool anhydre 61 % et gluconate de chlorhexidine 1 % lotion) 3M CANADA COMPANY,ADDED
72399,02248077,PEGASYS (interferon alfa-2a (peginterferon alfa-2a) 180 mcg per 0.5 mL solution for injection syringe) PHARMAAND GMBH,"PEGASYS (interféron alfa-2a (peginterféron alfa-2a) 180 mcg par 0,5 mL solution injectable seringue) PHARMAAND GMBH","mp_formal_name: ""PEGASYS (interferon alfa-2a (peginterferon alfa-2a) 180 mcg per 0.5 mL solution for injection syringe) Z̲R̲ ̲PHARMA&̲ GMBH"" -> ""PEGASYS (interferon alfa-2a (peginterferon alfa-2a) 180 mcg per 0.5 mL solution for injection syringe) PHARMAA̲N̲D̲ GMBH""
mp_fr_description: ""PEGASYS (interféron alfa-2a (peginterféron alfa-2a) 180 mcg par 0,5 mL solution injectable seringue) Z̲R̲ ̲PHARMA&̲ GMBH"" -> ""PEGASYS (interféron alfa-2a (peginterféron alfa-2a) 180 mcg par 0,5 mL solution injectable seringue) PHARMAA̲N̲D̲ GMBH"""
73309,02248934,BICARBONATE CONCENTRATE B38 (sodium bicarbonate 80.7 g per l solution for haemodialysis) CHIEF MEDICAL SUPPLIES LTD,"BICARBONATE CONCENTRATE B38 (bicarbonate de sodium 80,7 g par l solution pour hémodialyse) CHIEF MEDICAL SUPPLIES LTD",ADDED
73352,02248971,ZEP FOAM SAN (benzethonium chloride 0.2 % cutaneous solution) ZEP MANUFACTURING COMPANY OF CANADA,"ZEP FOAM SAN (chlorure de benzéthonium 0,2 % solution pour application cutanée) ZEP MANUFACTURING COMPANY OF CANADA",ADDED
73418,02249340,ANTIBACTERIAL LOTION SOAP (triclosan 0.4 % NA) CHARLOTTE PRODUCTS LTD.,"ANTIBACTERIAL LOTION SOAP (triclosan 0,4 % NA) CHARLOTTE PRODUCTS LTD.",ADDED
73604,02251094,"GOJO ANTIBACTERIAL LUXURY FOAM HANDWASH (chloroxylenol 0.3 % cutaneous liquid) GOJO INDUSTRIES, INC.","GOJO ANTIBACTERIAL LUXURY FOAM HANDWASH (chloroxylénol 0,3 % liquide cutané) GOJO INDUSTRIES, INC.",ADDED
74072,02255529,TEVA-FLUVOXAMINE (fluvoxamine maleate 50 mg oral tablet) TEVA CANADA LIMITED,TEVA-FLUVOXAMINE (maléate de fluvoxamine 50 mg comprimé oral) TEVA CANADA LIMITED,"Health_Canada_product_name: ""ACT FLUVOXAMINE"" -> ""TEVA-FLUVOXAMINE""
mp_formal_name: ""A̲C̲T̲ ̲FLUVOXAMINE (fluvoxamine maleate 50 mg oral tablet) TEVA CANADA LIMITED"" -> ""T̲E̲V̲A̲-̲FLUVOXAMINE (fluvoxamine maleate 50 mg oral tablet) TEVA CANADA LIMITED""
mp_fr_description: ""A̲C̲T̲ ̲FLUVOXAMINE (maléate de fluvoxamine 50 mg comprimé oral) TEVA CANADA LIMITED"" -> ""T̲E̲V̲A̲-̲FLUVOXAMINE (maléate de fluvoxamine 50 mg comprimé oral) TEVA CANADA LIMITED"""
74073,02255537,TEVA-FLUVOXAMINE (fluvoxamine maleate 100 mg oral tablet) TEVA CANADA LIMITED,TEVA-FLUVOXAMINE (maléate de fluvoxamine 100 mg comprimé oral) TEVA CANADA LIMITED,"Health_Canada_product_name: ""ACT FLUVOXAMINE"" -> ""TEVA-FLUVOXAMINE""
mp_formal_name: ""A̲C̲T̲ ̲FLUVOXAMINE (fluvoxamine maleate 100 mg oral tablet) TEVA CANADA LIMITED"" -> ""T̲E̲V̲A̲-̲FLUVOXAMINE (fluvoxamine maleate 100 mg oral tablet) TEVA CANADA LIMITED""
mp_fr_description: ""A̲C̲T̲ ̲FLUVOXAMINE (maléate de fluvoxamine 100 mg comprimé oral) TEVA CANADA LIMITED"" -> ""T̲E̲V̲A̲-̲FLUVOXAMINE (maléate de fluvoxamine 100 mg comprimé oral) TEVA CANADA LIMITED"""
75279,02267365,INO-F-SAN INSTANT HAND SANITIZER (benzethonium chloride 0.2 % cutaneous liquid) GROUPE DISSAN INC.,"INO-F-SAN INSTANT HAND SANITIZER (chlorure de benzéthonium 0,2 % liquide cutané) GROUPE DISSAN INC.",ADDED
75280,02267373,INO-F ANTIBAC ANTIBACTERIAL HAND SOAP (triclosan 0.5 % cutaneous liquid) GROUPE DISSAN INC.,"INO-F ANTIBAC ANTIBACTERIAL HAND SOAP (triclosan 0,5 % liquide cutané) GROUPE DISSAN INC.",ADDED
75580,02270420,SOAPOPULAR (benzalkonium chloride 0.15 % cutaneous liquid) SOAPOPULAR INC,"SOAPOPULAR (chlorure de benzalkonium 0,15 % liquide cutané) SOAPOPULAR INC",ADDED
76258,02276917,QUICK CLEAN (chloroxylenol 1 % cutaneous gel) SPRAKITA PRODUCTS,QUICK CLEAN (chloroxylénol 1 % gel cutané) SPRAKITA PRODUCTS,ADDED
76654,02280884,HEMA BP-38 (sodium bicarbonate 6 kg per container powder for concentrate for solution for haemodialysis) CHIEF MEDICAL SUPPLIES LTD,HEMA BP-38 (bicarbonate de sodium 6 kg par récipient poudre pour solution à diluer pour solution pour hémodialyse) CHIEF MEDICAL SUPPLIES LTD,ADDED
76673,02281066,ABRAXANE FOR INJECTABLE SUSPENSION (paclitaxel 100 mg per vial powder for suspension for injection) CELGENE INC,ABRAXANE FOR INJECTABLE SUSPENSION (paclitaxel 100 mg par fiole poudre pour suspension injectable) CELGENE INC,ADDED
76939,02283816,ANTIBACTERIAL CLEAN & SMOOTH (triclosan 0.3 % cutaneous solution) ECOLAB CO,"ANTIBACTERIAL CLEAN & SMOOTH (triclosan 0,3 % solution pour application cutanée) ECOLAB CO",ADDED
77627,02290855,X3 CLEAN GERM ATTACK HAND SANITIZER (benzalkonium chloride 0.13 % cutaneous solution) NATURAL ESSENTIALS INC,"X3 CLEAN GERM ATTACK HAND SANITIZER (chlorure de benzalkonium 0,13 % solution pour application cutanée) NATURAL ESSENTIALS INC",ADDED
78001,02294664,OCTAPLEX (coagulation factor ii (human) 760 unit per vial and coagulation factor IX human 500 unit per vial and coagulation factor vii (human) 480 unit per vial and coagulation factor x (human) 600 unit per vial and protein c 620 unit per vial and protein s 640 unit per vial NA) OCTAPHARMA PHARMAZEUTIKA PRODUKTIONSGES M B H,OCTAPLEX (facteur II de coagulation humain 760 unité par fiole et facteur IX de coagulation humain 500 unité par fiole et facteur VII de coagulation humain 480 unité par fiole et facteur X de coagulation humain 600 unité par fiole et protéine c 620 unité par fiole et protéine s 640 unité par fiole NA) OCTAPHARMA PHARMAZEUTIKA PRODUKTIONSGES M B H,ADDED
78005,02294702,PMS-NAPROXEN EC (naproxen 375 mg gastro-resistant tablet) PHARMASCIENCE INC,PMS-NAPROXEN EC (naproxène 375 mg comprimé gastrorésistant) PHARMASCIENCE INC,"mp_status_effective_time: ""20200327"" -> ""20240201"""
78006,02294710,PMS-NAPROXEN EC (naproxen 500 mg gastro-resistant tablet) PHARMASCIENCE INC,PMS-NAPROXEN EC (naproxène 500 mg comprimé gastrorésistant) PHARMASCIENCE INC,"mp_status_effective_time: ""20190116"" -> ""20240201"""
78942,02304112,"WET ONES (benzethonium chloride 0.3 % wipe) EDGEWELL PERSONAL CARE CANADA, ULC","WET ONES (chlorure de benzéthonium 0,3 % lingette) EDGEWELL PERSONAL CARE CANADA, ULC",ADDED
79016,02304899,REVLIMID (lenalidomide 5 mg oral capsule) BRISTOL-MYERS SQUIBB CANADA,REVLIMID (lénalidomide 5 mg capsule orale) BRISTOL-MYERS SQUIBB CANADA,"mp_formal_name: ""REVLIMID (lenalidomide 5 mg oral capsule) C̲E̲L̲G̲E̲N̲E̲ ̲I̲N̲C̲"" -> ""REVLIMID (lenalidomide 5 mg oral capsule) B̲R̲I̲S̲T̲O̲L̲-̲M̲Y̲E̲R̲S̲ ̲S̲Q̲U̲I̲B̲B̲ ̲C̲A̲N̲A̲D̲A̲""
mp_fr_description: ""REVLIMID (lénalidomide 5 mg capsule orale) C̲E̲L̲G̲E̲N̲E̲ ̲I̲N̲C̲"" -> ""REVLIMID (lénalidomide 5 mg capsule orale) B̲R̲I̲S̲T̲O̲L̲-̲M̲Y̲E̲R̲S̲ ̲S̲Q̲U̲I̲B̲B̲ ̲C̲A̲N̲A̲D̲A̲"""
79017,02304902,REVLIMID (lenalidomide 10 mg oral capsule) BRISTOL-MYERS SQUIBB CANADA,REVLIMID (lénalidomide 10 mg capsule orale) BRISTOL-MYERS SQUIBB CANADA,"mp_formal_name: ""REVLIMID (lenalidomide 10 mg oral capsule) C̲E̲L̲G̲E̲N̲E̲ ̲I̲N̲C̲"" -> ""REVLIMID (lenalidomide 10 mg oral capsule) B̲R̲I̲S̲T̲O̲L̲-̲M̲Y̲E̲R̲S̲ ̲S̲Q̲U̲I̲B̲B̲ ̲C̲A̲N̲A̲D̲A̲""
mp_fr_description: ""REVLIMID (lénalidomide 10 mg capsule orale) C̲E̲L̲G̲E̲N̲E̲ ̲I̲N̲C̲"" -> ""REVLIMID (lénalidomide 10 mg capsule orale) B̲R̲I̲S̲T̲O̲L̲-̲M̲Y̲E̲R̲S̲ ̲S̲Q̲U̲I̲B̲B̲ ̲C̲A̲N̲A̲D̲A̲"""
79280,02307146,T/GEL THERAPEUTIC SHAMPOO EXTRA STRENGTH (coal tar 1 % shampoo) JOHNSON & JOHNSON INC,T/GEL THERAPEUTIC SHAMPOO EXTRA STRENGTH (goudron de houille 1 % shampoing) JOHNSON & JOHNSON INC,DELETED
79962,02314126,PHENREX MVD (chloroxylenol 0.6 % cutaneous solution) IMREX INC.,"PHENREX MVD (chloroxylénol 0,6 % solution pour application cutanée) IMREX INC.",ADDED
80322,02317699,REVLIMID (lenalidomide 15 mg oral capsule) BRISTOL-MYERS SQUIBB CANADA,REVLIMID (lénalidomide 15 mg capsule orale) BRISTOL-MYERS SQUIBB CANADA,"mp_formal_name: ""REVLIMID (lenalidomide 15 mg oral capsule) C̲E̲L̲G̲E̲N̲E̲ ̲I̲N̲C̲"" -> ""REVLIMID (lenalidomide 15 mg oral capsule) B̲R̲I̲S̲T̲O̲L̲-̲M̲Y̲E̲R̲S̲ ̲S̲Q̲U̲I̲B̲B̲ ̲C̲A̲N̲A̲D̲A̲""
mp_fr_description: ""REVLIMID (lénalidomide 15 mg capsule orale) C̲E̲L̲G̲E̲N̲E̲ ̲I̲N̲C̲"" -> ""REVLIMID (lénalidomide 15 mg capsule orale) B̲R̲I̲S̲T̲O̲L̲-̲M̲Y̲E̲R̲S̲ ̲S̲Q̲U̲I̲B̲B̲ ̲C̲A̲N̲A̲D̲A̲"""
80324,02317710,REVLIMID (lenalidomide 25 mg oral capsule) BRISTOL-MYERS SQUIBB CANADA,REVLIMID (lénalidomide 25 mg capsule orale) BRISTOL-MYERS SQUIBB CANADA,"mp_formal_name: ""REVLIMID (lenalidomide 25 mg oral capsule) C̲E̲L̲G̲E̲N̲E̲ ̲I̲N̲C̲"" -> ""REVLIMID (lenalidomide 25 mg oral capsule) B̲R̲I̲S̲T̲O̲L̲-̲M̲Y̲E̲R̲S̲ ̲S̲Q̲U̲I̲B̲B̲ ̲C̲A̲N̲A̲D̲A̲""
mp_fr_description: ""REVLIMID (lénalidomide 25 mg capsule orale) C̲E̲L̲G̲E̲N̲E̲ ̲I̲N̲C̲"" -> ""REVLIMID (lénalidomide 25 mg capsule orale) B̲R̲I̲S̲T̲O̲L̲-̲M̲Y̲E̲R̲S̲ ̲S̲Q̲U̲I̲B̲B̲ ̲C̲A̲N̲A̲D̲A̲"""
81095,02325586,BIBAG (sodium bicarbonate 650 g per bag powder for concentrate for solution for haemodialysis) FRESENIUS MEDICAL CARE CANADA INC,BIBAG (bicarbonate de sodium 650 g par sac poudre pour solution à diluer pour solution pour hémodialyse) FRESENIUS MEDICAL CARE CANADA INC,ADDED
81113,02325772,HEMACART (sodium bicarbonate 650 g per cartridge powder for concentrate for solution for haemodialysis) CHIEF MEDICAL SUPPLIES LTD,HEMACART (bicarbonate de sodium 650 g par cartouche poudre pour solution à diluer pour solution pour hémodialyse) CHIEF MEDICAL SUPPLIES LTD,ADDED
81564,02329891,KLERE (benzalkonium chloride 0.15 % cutaneous solution) BIOCHEM ENVIRONMENTAL SOLUTIONS INC.,"KLERE (chlorure de benzalkonium 0,15 % solution pour application cutanée) BIOCHEM ENVIRONMENTAL SOLUTIONS INC.",ADDED
82233,02336707,VIDAZA (azacitidine 100 mg per vial powder for suspension for injection) BRISTOL-MYERS SQUIBB CANADA,VIDAZA (azacitidine 100 mg par fiole poudre pour suspension injectable) BRISTOL-MYERS SQUIBB CANADA,"mp_formal_name: ""VIDAZA (azacitidine 100 mg per vial powder for suspension for injection) C̲E̲L̲G̲E̲N̲E̲ ̲I̲N̲C̲"" -> ""VIDAZA (azacitidine 100 mg per vial powder for suspension for injection) B̲R̲I̲S̲T̲O̲L̲-̲M̲Y̲E̲R̲S̲ ̲S̲Q̲U̲I̲B̲B̲ ̲C̲A̲N̲A̲D̲A̲""
mp_fr_description: ""VIDAZA (azacitidine 100 mg par fiole poudre pour suspension injectable) C̲E̲L̲G̲E̲N̲E̲ ̲I̲N̲C̲"" -> ""VIDAZA (azacitidine 100 mg par fiole poudre pour suspension injectable) B̲R̲I̲S̲T̲O̲L̲-̲M̲Y̲E̲R̲S̲ ̲S̲Q̲U̲I̲B̲B̲ ̲C̲A̲N̲A̲D̲A̲"""
83971,02354543,LORIS 0.13% BZK (benzalkonium chloride 0.13 % wipe) LERNAPHARM (LORIS) INC.,"LORIS 0.13% BZK (chlorure de benzalkonium 0,13 % lingette) LERNAPHARM (LORIS) INC.",ADDED
84093,02355736,BENZALKONIUM CHLORIDE ANTISEPTIC TOWELETTE (benzalkonium chloride 0.13 % wipe) CANADIAN CUSTOM PACKAGING COMPANY,"BENZALKONIUM CHLORIDE ANTISEPTIC TOWELETTE (chlorure de benzalkonium 0,13 % lingette) CANADIAN CUSTOM PACKAGING COMPANY",ADDED
84428,02359251,BERIPLEX P/N 500 (coagulation factor ii (human) 800 unit and coagulation factor IX human 620 unit and coagulation factor vii (human) 500 unit and coagulation factor x (human) 1020 unit and protein c 820 unit and protein s 680 unit powder for solution for injection) CSL BEHRING CANADA INC,BERIPLEX P/N 500 (facteur II de coagulation humain 800 unité et facteur IX de coagulation humain 620 unité et facteur VII de coagulation humain 500 unité et facteur X de coagulation humain 1020 unité et protéine c 820 unité et protéine s 680 unité poudre pour solution injectable) CSL BEHRING CANADA INC,ADDED
85450,02369575,X3 ON-THE-GO ANTISEPTIC SPRAY (benzalkonium chloride 0.13 % cutaneous spray) NATURAL ESSENTIALS INC,"X3 ON-THE-GO ANTISEPTIC SPRAY (chlorure de benzalkonium 0,13 % vaporisation cutanée) NATURAL ESSENTIALS INC",ADDED
85902,02373807,H.E.L.P. ACETATE BUFFER PH 4.85 (acetic acid 6.82 g per l and sodium acetate 27.22 g per l solution for haemodialysis) B. BRAUN AVITUM AG,"H.E.L.P. ACETATE BUFFER PH 4.85 (acide acétique 6,82 g par l et acétate de sodium 27,22 g par l solution pour hémodialyse) B. BRAUN AVITUM AG",ADDED
86369,02377896,FOAM SANITIZER (benzethonium chloride 0.2 % cutaneous solution) ZEP MANUFACTURING COMPANY OF CANADA,"FOAM SANITIZER (chlorure de benzéthonium 0,2 % solution pour application cutanée) ZEP MANUFACTURING COMPANY OF CANADA",ADDED
86758,02381729,ALOXI (palonosetron (palonosetron hydrochloride) 0.5 mg oral capsule) KNIGHT THERAPEUTICS INC.,"ALOXI (palonosétron (chlorhydrate de palonosétron) 0,5 mg capsule orale) KNIGHT THERAPEUTICS INC.",DELETED
87315,02387549,CALCIUM CHLORIDE FOR HAEMODIALYSIS (calcium chloride 7.45 g per vial powder for concentrate for solution for haemodialysis) CHIEF MEDICAL SUPPLIES LTD,"CALCIUM CHLORIDE FOR HAEMODIALYSIS (chlorure de calcium 7,45 g par fiole poudre pour solution à diluer pour solution pour hémodialyse) CHIEF MEDICAL SUPPLIES LTD",ADDED
88288,02397927,NOCDURNA (desmopressin (desmopressin acetate) 25 mcg sublingual tablet) FERRING INC,NOCDURNA (desmopressine (acétate de desmopressine) 25 mcg comprimé sublingual) FERRING INC,DELETED
88424,02399350,HAND SANITIZING WIPES (benzalkonium chloride 0.12 % wipe) ATHEA LABORATORIES INC,"HAND SANITIZING WIPES (chlorure de benzalkonium 0,12 % lingette) ATHEA LABORATORIES INC",ADDED
88701,02402149,ACNE TREATMENT SYSTEM (benzoyl peroxide 5 % and salicylic acid 2 % NA) VIVIER CANADA INCORPORATED,ACNE TREATMENT SYSTEM (peroxyde de benzoyle 5 % et acide salicylique 2 % NA) VIVIER CANADA INCORPORATED,ADDED
88828,02403471,PURELL SANITIZING WIPES (benzalkonium chloride 0.13 % wipe) GOJO CANADA INC,"PURELL SANITIZING WIPES (chlorure de benzalkonium 0,13 % lingette) GOJO CANADA INC",ADDED
88829,02403498,BICART (sodium bicarbonate 720 g per cartridge powder for concentrate for solution for haemodialysis) BAXTER CORPORATION,BICART (bicarbonate de sodium 720 g par cartouche poudre pour solution à diluer pour solution pour hémodialyse) BAXTER CORPORATION,ADDED
88830,02403501,BICART (sodium bicarbonate 1250 g per cartridge powder for concentrate for solution for haemodialysis) BAXTER CORPORATION,BICART (bicarbonate de sodium 1250 g par cartouche poudre pour solution à diluer pour solution pour hémodialyse) BAXTER CORPORATION,ADDED
89148,02406802,SOFTSOAP ANTIBACTERIAL (benzalkonium chloride 0.13 % cutaneous solution) COLGATE-PALMOLIVE CANADA INC,"SOFTSOAP ANTIBACTERIAL (chlorure de benzalkonium 0,13 % solution pour application cutanée) COLGATE-PALMOLIVE CANADA INC",ADDED
89540,02410826,BERIPLEX P/N 1000 (coagulation factor ii (human) 1600 unit and coagulation factor IX human 1240 unit and coagulation factor vii (human) 1000 unit and coagulation factor x (human) 2040 unit and protein c 1640 unit and protein s 1360 unit powder for solution for injection) CSL BEHRING CANADA INC,BERIPLEX P/N 1000 (facteur II de coagulation humain 1600 unité et facteur IX de coagulation humain 1240 unité et facteur VII de coagulation humain 1000 unité et facteur X de coagulation humain 2040 unité et protéine c 1640 unité et protéine s 1360 unité poudre pour solution injectable) CSL BEHRING CANADA INC,ADDED
90495,02420341,JUXTAPID (lomitapide (lomitapide mesylate) 5 mg oral capsule) CHIESI FARMACEUTICI S.P.A.,JUXTAPID (lomitapide (mésylate de lomitapide) 5 mg capsule orale) CHIESI FARMACEUTICI S.P.A.,"mp_formal_name: ""JUXTAPID (lomitapide (lomitapide mesylate) 5 mg oral capsule) A̲M̲R̲Y̲T̲ ̲P̲H̲A̲R̲M̲A̲C̲E̲U̲T̲I̲C̲A̲L̲S̲ ̲D̲A̲C̲"" -> ""JUXTAPID (lomitapide (lomitapide mesylate) 5 mg oral capsule) C̲H̲I̲E̲S̲I̲ ̲F̲A̲R̲M̲A̲C̲E̲U̲T̲I̲C̲I̲ ̲S̲.̲P̲.̲A̲.̲""
mp_fr_description: ""JUXTAPID (lomitapide (mésylate de lomitapide) 5 mg capsule orale) A̲M̲R̲Y̲T̲ ̲P̲H̲A̲R̲M̲A̲C̲E̲U̲T̲I̲C̲A̲L̲S̲ ̲D̲A̲C̲"" -> ""JUXTAPID (lomitapide (mésylate de lomitapide) 5 mg capsule orale) C̲H̲I̲E̲S̲I̲ ̲F̲A̲R̲M̲A̲C̲E̲U̲T̲I̲C̲I̲ ̲S̲.̲P̲.̲A̲.̲"""
90496,02420376,JUXTAPID (lomitapide (lomitapide mesylate) 10 mg oral capsule) CHIESI FARMACEUTICI S.P.A.,JUXTAPID (lomitapide (mésylate de lomitapide) 10 mg capsule orale) CHIESI FARMACEUTICI S.P.A.,"mp_formal_name: ""JUXTAPID (lomitapide (lomitapide mesylate) 10 mg oral capsule) A̲M̲R̲Y̲T̲ ̲P̲H̲A̲R̲M̲A̲C̲E̲U̲T̲I̲C̲A̲L̲S̲ ̲D̲A̲C̲"" -> ""JUXTAPID (lomitapide (lomitapide mesylate) 10 mg oral capsule) C̲H̲I̲E̲S̲I̲ ̲F̲A̲R̲M̲A̲C̲E̲U̲T̲I̲C̲I̲ ̲S̲.̲P̲.̲A̲.̲""
mp_fr_description: ""JUXTAPID (lomitapide (mésylate de lomitapide) 10 mg capsule orale) A̲M̲R̲Y̲T̲ ̲P̲H̲A̲R̲M̲A̲C̲E̲U̲T̲I̲C̲A̲L̲S̲ ̲D̲A̲C̲"" -> ""JUXTAPID (lomitapide (mésylate de lomitapide) 10 mg capsule orale) C̲H̲I̲E̲S̲I̲ ̲F̲A̲R̲M̲A̲C̲E̲U̲T̲I̲C̲I̲ ̲S̲.̲P̲.̲A̲.̲"""
90498,02420384,JUXTAPID (lomitapide (lomitapide mesylate) 20 mg oral capsule) CHIESI FARMACEUTICI S.P.A.,JUXTAPID (lomitapide (mésylate de lomitapide) 20 mg capsule orale) CHIESI FARMACEUTICI S.P.A.,"mp_formal_name: ""JUXTAPID (lomitapide (lomitapide mesylate) 20 mg oral capsule) A̲M̲R̲Y̲T̲ ̲P̲H̲A̲R̲M̲A̲C̲E̲U̲T̲I̲C̲A̲L̲S̲ ̲D̲A̲C̲"" -> ""JUXTAPID (lomitapide (lomitapide mesylate) 20 mg oral capsule) C̲H̲I̲E̲S̲I̲ ̲F̲A̲R̲M̲A̲C̲E̲U̲T̲I̲C̲I̲ ̲S̲.̲P̲.̲A̲.̲""
mp_fr_description: ""JUXTAPID (lomitapide (mésylate de lomitapide) 20 mg capsule orale) A̲M̲R̲Y̲T̲ ̲P̲H̲A̲R̲M̲A̲C̲E̲U̲T̲I̲C̲A̲L̲S̲ ̲D̲A̲C̲"" -> ""JUXTAPID (lomitapide (mésylate de lomitapide) 20 mg capsule orale) C̲H̲I̲E̲S̲I̲ ̲F̲A̲R̲M̲A̲C̲E̲U̲T̲I̲C̲I̲ ̲S̲.̲P̲.̲A̲.̲"""
91002,02425378,PANTOPRAZOLE TABLETS (pantoprazole (pantoprazole sodium sesquihydrate) 40 mg gastro-resistant tablet) NORA PHARMA INC,PANTOPRAZOLE TABLETS (pantoprazole (pantoprazole sodique sesquihydrate) 40 mg comprimé gastrorésistant) NORA PHARMA INC,"mp_status: ""ACTIVE"" -> ""INACTIVE""
mp_status_effective_time: ""20150113"" -> ""20220725"""
91336,02428911,JAMP SOLIFENACIN SUCCINATE (solifenacin succinate 5 mg oral tablet) JAMP PHARMA CORPORATION,JAMP SOLIFENACIN SUCCINATE (succinate de solifénacine 5 mg comprimé oral) JAMP PHARMA CORPORATION,"mp_status: ""INACTIVE"" -> ""ACTIVE""
mp_status_effective_time: ""20211210"" -> ""20160418"""
91337,02428938,JAMP SOLIFENACIN SUCCINATE (solifenacin succinate 10 mg oral tablet) JAMP PHARMA CORPORATION,JAMP SOLIFENACIN SUCCINATE (succinate de solifénacine 10 mg comprimé oral) JAMP PHARMA CORPORATION,"mp_status: ""INACTIVE"" -> ""ACTIVE""
mp_status_effective_time: ""20211210"" -> ""20160418"""
91926,02434970,OCTAPLEX (coagulation factor ii (human) 1520 unit per vial and coagulation factor IX human 1000 unit per vial and coagulation factor vii (human) 960 unit per vial and coagulation factor x (human) 1200 unit per vial and protein c 1240 unit per vial and protein s 1280 unit per vial NA) OCTAPHARMA PHARMAZEUTIKA PRODUKTIONSGES M B H,OCTAPLEX (facteur II de coagulation humain 1520 unité par fiole et facteur IX de coagulation humain 1000 unité par fiole et facteur VII de coagulation humain 960 unité par fiole et facteur X de coagulation humain 1200 unité par fiole et protéine c 1240 unité par fiole et protéine s 1280 unité par fiole NA) OCTAPHARMA PHARMAZEUTIKA PRODUKTIONSGES M B H,ADDED
92173,02437384,PURELL HAND SANITIZING WIPES (benzalkonium chloride 0.13 % wipe) GOJO CANADA INC,"PURELL HAND SANITIZING WIPES (chlorure de benzalkonium 0,13 % lingette) GOJO CANADA INC",ADDED
92481,02440458,PURKLENZ (chloroxylenol 3 % cutaneous liquid) PURKLENZ FORMULATIONS INC,PURKLENZ (chloroxylénol 3 % liquide cutané) PURKLENZ FORMULATIONS INC,ADDED
92497,02440601,REVLIMID (lenalidomide 20 mg oral capsule) BRISTOL-MYERS SQUIBB CANADA,REVLIMID (lénalidomide 20 mg capsule orale) BRISTOL-MYERS SQUIBB CANADA,"mp_formal_name: ""REVLIMID (lenalidomide 20 mg oral capsule) C̲E̲L̲G̲E̲N̲E̲ ̲I̲N̲C̲"" -> ""REVLIMID (lenalidomide 20 mg oral capsule) B̲R̲I̲S̲T̲O̲L̲-̲M̲Y̲E̲R̲S̲ ̲S̲Q̲U̲I̲B̲B̲ ̲C̲A̲N̲A̲D̲A̲""
mp_fr_description: ""REVLIMID (lénalidomide 20 mg capsule orale) C̲E̲L̲G̲E̲N̲E̲ ̲I̲N̲C̲"" -> ""REVLIMID (lénalidomide 20 mg capsule orale) B̲R̲I̲S̲T̲O̲L̲-̲M̲Y̲E̲R̲S̲ ̲S̲Q̲U̲I̲B̲B̲ ̲C̲A̲N̲A̲D̲A̲"""
92527,02440903,TREKSAFE (benzalkonium chloride 0.13 % wipe) ZHEJIANGH HONGYU MEDICAL COMMODITY CO LTD,"TREKSAFE (chlorure de benzalkonium 0,13 % lingette) ZHEJIANGH HONGYU MEDICAL COMMODITY CO LTD",ADDED
92726,02442809,JAMP TRAZODONE (trazodone hydrochloride 50 mg oral tablet) JAMP PHARMA CORPORATION,JAMP TRAZODONE (chlohydrate de trazodone 50 mg comprimé oral) JAMP PHARMA CORPORATION,ADDED
92727,02442817,JAMP TRAZODONE (trazodone hydrochloride 100 mg oral tablet) JAMP PHARMA CORPORATION,JAMP TRAZODONE (chlohydrate de trazodone 100 mg comprimé oral) JAMP PHARMA CORPORATION,ADDED
92729,02442825,JAMP TRAZODONE (trazodone hydrochloride 150 mg oral tablet) JAMP PHARMA CORPORATION,JAMP TRAZODONE (chlohydrate de trazodone 150 mg comprimé oral) JAMP PHARMA CORPORATION,ADDED
92774,02443163,"ALOE-CARE ANTIBACTERIAL LOTION SOAP, BENZALKONIUM CHLORIDE LOTION 0.13% W/W (benzalkonium chloride 0.13 % lotion) CANADIAN CUSTOM PACKAGING COMPANY","ALOE-CARE ANTIBACTERIAL LOTION SOAP, BENZALKONIUM CHLORIDE LOTION 0.13% W/W (chlorure de benzalkonium 0,13 % lotion) CANADIAN CUSTOM PACKAGING COMPANY",ADDED
92785,02443252,KLEENEX FOAM HAND SANITIZER (benzalkonium chloride 0.13 % cutaneous solution) KIMBERLY-CLARK GLOBAL SALES LLC,"KLEENEX FOAM HAND SANITIZER (chlorure de benzalkonium 0,13 % solution pour application cutanée) KIMBERLY-CLARK GLOBAL SALES LLC",ADDED
92850,02443759,VIIBRYD (vilazodone hydrochloride 10 mg oral tablet with vilazodone hydrochloride 20 mg oral tablet) ABBVIE CORPORATION,VIIBRYD (chlorhydrate de vilazodone 10 mg comprimé oral avec chlorhydrate de vilazodone 20 mg comprimé oral) ABBVIE CORPORATION,DELETED
93459,02448866,SOFT CARE DEFEND FOAM (chloroxylenol 1 % cutaneous solution) DIVERSEY INC,SOFT CARE DEFEND FOAM (chloroxylénol 1 % solution pour application cutanée) DIVERSEY INC,ADDED
93526,02449420,SOFT CARE DEFEND (chloroxylenol 1 % cutaneous solution) DIVERSEY INC,SOFT CARE DEFEND (chloroxylénol 1 % solution pour application cutanée) DIVERSEY INC,ADDED
93885,02452472,NRA-TADALAFIL TABLETS (tadalafil 2.5 mg oral tablet) NORA PHARMA INC,"NRA-TADALAFIL TABLETS (tadalafil 2,5 mg comprimé oral) NORA PHARMA INC","Health_Canada_product_name: ""PRIVA-TADALAFIL"" -> ""NRA-TADALAFIL TABLETS""
mp_formal_name: ""P̲R̲I̲V̲A-TADALAFIL (tadalafil 2.5 mg oral tablet) NORA PHARMA INC"" -> ""N̲R̲A-TADALAFIL ̲T̲A̲B̲L̲E̲T̲S̲ (tadalafil 2.5 mg oral tablet) NORA PHARMA INC""
mp_fr_description: ""P̲R̲I̲V̲A-TADALAFIL (tadalafil 2,5 mg comprimé oral) NORA PHARMA INC"" -> ""N̲R̲A-TADALAFIL ̲T̲A̲B̲L̲E̲T̲S̲ (tadalafil 2,5 mg comprimé oral) NORA PHARMA INC""
mp_status_effective_time: ""20220617"" -> ""20240220"""
93886,02452480,NRA-TADALAFIL TABLETS (tadalafil 5 mg oral tablet) NORA PHARMA INC,NRA-TADALAFIL TABLETS (tadalafil 5 mg comprimé oral) NORA PHARMA INC,"Health_Canada_product_name: ""PRIVA-TADALAFIL"" -> ""NRA-TADALAFIL TABLETS""
mp_formal_name: ""P̲R̲I̲V̲A-TADALAFIL (tadalafil 5 mg oral tablet) NORA PHARMA INC"" -> ""N̲R̲A-TADALAFIL ̲T̲A̲B̲L̲E̲T̲S̲ (tadalafil 5 mg oral tablet) NORA PHARMA INC""
mp_fr_description: ""P̲R̲I̲V̲A-TADALAFIL (tadalafil 5 mg comprimé oral) NORA PHARMA INC"" -> ""N̲R̲A-TADALAFIL ̲T̲A̲B̲L̲E̲T̲S̲ (tadalafil 5 mg comprimé oral) NORA PHARMA INC"""
93887,02452499,NRA-TADALAFIL TABLETS (tadalafil 10 mg oral tablet) NORA PHARMA INC,NRA-TADALAFIL TABLETS (tadalafil 10 mg comprimé oral) NORA PHARMA INC,"Health_Canada_product_name: ""PRIVA-TADALAFIL"" -> ""NRA-TADALAFIL TABLETS""
mp_formal_name: ""P̲R̲I̲V̲A-TADALAFIL (tadalafil 10 mg oral tablet) NORA PHARMA INC"" -> ""N̲R̲A-TADALAFIL ̲T̲A̲B̲L̲E̲T̲S̲ (tadalafil 10 mg oral tablet) NORA PHARMA INC""
mp_fr_description: ""P̲R̲I̲V̲A-TADALAFIL (tadalafil 10 mg comprimé oral) NORA PHARMA INC"" -> ""N̲R̲A-TADALAFIL ̲T̲A̲B̲L̲E̲T̲S̲ (tadalafil 10 mg comprimé oral) NORA PHARMA INC"""
93888,02452502,NRA-TADALAFIL TABLETS (tadalafil 20 mg oral tablet) NORA PHARMA INC,NRA-TADALAFIL TABLETS (tadalafil 20 mg comprimé oral) NORA PHARMA INC,"Health_Canada_product_name: ""PRIVA-TADALAFIL"" -> ""NRA-TADALAFIL TABLETS""
mp_formal_name: ""P̲R̲I̲V̲A-TADALAFIL (tadalafil 20 mg oral tablet) NORA PHARMA INC"" -> ""N̲R̲A-TADALAFIL ̲T̲A̲B̲L̲E̲T̲S̲ (tadalafil 20 mg oral tablet) NORA PHARMA INC""
mp_fr_description: ""P̲R̲I̲V̲A-TADALAFIL (tadalafil 20 mg comprimé oral) NORA PHARMA INC"" -> ""N̲R̲A-TADALAFIL ̲T̲A̲B̲L̲E̲T̲S̲ (tadalafil 20 mg comprimé oral) NORA PHARMA INC"""
94646,02459272,HAND SANITIZER FOAM (benzalkonium chloride 0.13 % cutaneous solution) EMPACK SPRAYTECH INC,"HAND SANITIZER FOAM (chlorure de benzalkonium 0,13 % solution pour application cutanée) EMPACK SPRAYTECH INC",ADDED
94664,02459418,REVLIMID (lenalidomide 2.5 mg oral capsule) BRISTOL-MYERS SQUIBB CANADA,"REVLIMID (lénalidomide 2,5 mg capsule orale) BRISTOL-MYERS SQUIBB CANADA","mp_formal_name: ""REVLIMID (lenalidomide 2.5 mg oral capsule) C̲E̲L̲G̲E̲N̲E̲ ̲I̲N̲C̲"" -> ""REVLIMID (lenalidomide 2.5 mg oral capsule) B̲R̲I̲S̲T̲O̲L̲-̲M̲Y̲E̲R̲S̲ ̲S̲Q̲U̲I̲B̲B̲ ̲C̲A̲N̲A̲D̲A̲""
mp_fr_description: ""REVLIMID (lénalidomide 2,5 mg capsule orale) C̲E̲L̲G̲E̲N̲E̲ ̲I̲N̲C̲"" -> ""REVLIMID (lénalidomide 2,5 mg capsule orale) B̲R̲I̲S̲T̲O̲L̲-̲M̲Y̲E̲R̲S̲ ̲S̲Q̲U̲I̲B̲B̲ ̲C̲A̲N̲A̲D̲A̲"""
95295,02464802,DIAL FOAMING ANTIBACTERIAL HAND WASH (benzalkonium chloride 0.13 % cutaneous solution) HENKEL CANADA CORPORATION,"DIAL FOAMING ANTIBACTERIAL HAND WASH (chlorure de benzalkonium 0,13 % solution pour application cutanée) HENKEL CANADA CORPORATION",ADDED
95297,02464829,DIAL ANTIBACTERIAL HAND SOAP (benzalkonium chloride 0.13 % cutaneous solution) HENKEL CANADA CORPORATION,"DIAL ANTIBACTERIAL HAND SOAP (chlorure de benzalkonium 0,13 % solution pour application cutanée) HENKEL CANADA CORPORATION",ADDED
95595,02467585,SODIUM BICARBONATE INJECTION USP (sodium bicarbonate 84 mg per mL solution for injection) OMEGA LABORATORIES LIMITED,SODIUM BICARBONATE INJECTION USP (bicarbonate de sodium 84 mg par mL solution injectable) OMEGA LABORATORIES LIMITED,ADDED
95684,02468417,CHILDREN'S ACETAMINOPHEN DYE-FREE (acetaminophen 160 mg per 5 mL oral suspension) PERRIGO INTERNATIONAL,CHILDREN'S ACETAMINOPHEN DYE-FREE (acétaminophène 160 mg par 5 mL suspension orale) PERRIGO INTERNATIONAL,DELETED
95780,02469146,JELIDO (lidocaine hydrochloride 20 mg per mL cutaneous gel) PENDOPHARM DIVISION OF PHARMASCIENCE INC,JELIDO (chlorhydrate de lidocaïne 20 mg par mL gel cutané) PENDOPHARM DIVISION OF PHARMASCIENCE INC,ADDED
95787,02469197,DIAL COMPLETE 2 IN 1 MOISTURIZING & ANTIBACTERIAL FOAMING HAND WASH MANUKA HONEY (benzalkonium chloride 0.13 % cutaneous solution) HENKEL CANADA CORPORATION,"DIAL COMPLETE 2 IN 1 MOISTURIZING & ANTIBACTERIAL FOAMING HAND WASH MANUKA HONEY (chlorure de benzalkonium 0,13 % solution pour application cutanée) HENKEL CANADA CORPORATION",ADDED
95788,02469200,DIAL COMPLETE 2 IN 1 MOISTURIZING & ANTIBACTERIAL FOAMING HAND WASH PEARL ESSENCE (benzalkonium chloride 0.13 % cutaneous solution) HENKEL CANADA CORPORATION,"DIAL COMPLETE 2 IN 1 MOISTURIZING & ANTIBACTERIAL FOAMING HAND WASH PEARL ESSENCE (chlorure de benzalkonium 0,13 % solution pour application cutanée) HENKEL CANADA CORPORATION",ADDED
95990,02470837,FINIPIL LAIT 50 (benzethonium chloride 0.2 % cutaneous cream) EQUIBAL LABS INC,"FINIPIL LAIT 50 (chlorure de benzéthonium 0,2 % crème cutanée) EQUIBAL LABS INC",ADDED
95992,02470853,FINIPIL (benzethonium chloride 0.2 % cutaneous cream) EQUIBAL LABS INC,"FINIPIL (chlorure de benzéthonium 0,2 % crème cutanée) EQUIBAL LABS INC",ADDED
96148,02472198,TRANQUIL MEADOWS AB (benzalkonium chloride 0.13 % NA) ZEP MANUFACTURING COMPANY OF CANADA,"TRANQUIL MEADOWS AB (chlorure de benzalkonium 0,13 % NA) ZEP MANUFACTURING COMPANY OF CANADA",ADDED
96151,02472236,FUZION AB FOAMING HAND SOAP (benzalkonium chloride 0.13 % NA) ZEP MANUFACTURING COMPANY OF CANADA,"FUZION AB FOAMING HAND SOAP (chlorure de benzalkonium 0,13 % NA) ZEP MANUFACTURING COMPANY OF CANADA",ADDED
96153,02472201,NRA-ARIPIPRAZOLE (aripiprazole 2 mg oral tablet) NORA PHARMA INC,NRA-ARIPIPRAZOLE (aripiprazole 2 mg comprimé oral) NORA PHARMA INC,ADDED
96154,02472228,NRA-ARIPIPRAZOLE (aripiprazole 5 mg oral tablet) NORA PHARMA INC,NRA-ARIPIPRAZOLE (aripiprazole 5 mg comprimé oral) NORA PHARMA INC,ADDED
96155,02472244,NRA-ARIPIPRAZOLE (aripiprazole 10 mg oral tablet) NORA PHARMA INC,NRA-ARIPIPRAZOLE (aripiprazole 10 mg comprimé oral) NORA PHARMA INC,ADDED
96156,02472252,NRA-ARIPIPRAZOLE (aripiprazole 15 mg oral tablet) NORA PHARMA INC,NRA-ARIPIPRAZOLE (aripiprazole 15 mg comprimé oral) NORA PHARMA INC,ADDED
96157,02472260,NRA-ARIPIPRAZOLE (aripiprazole 20 mg oral tablet) NORA PHARMA INC,NRA-ARIPIPRAZOLE (aripiprazole 20 mg comprimé oral) NORA PHARMA INC,ADDED
96158,02472279,NRA-ARIPIPRAZOLE (aripiprazole 30 mg oral tablet) NORA PHARMA INC,NRA-ARIPIPRAZOLE (aripiprazole 30 mg comprimé oral) NORA PHARMA INC,ADDED
96159,02472287,ACCLAIM AB (benzalkonium chloride 0.13 % lotion) ZEP MANUFACTURING COMPANY OF CANADA,"ACCLAIM AB (chlorure de benzalkonium 0,13 % lotion) ZEP MANUFACTURING COMPANY OF CANADA",ADDED
96203,02472724,ENERGY BERRY BAIES ÉNERGISANTES FOAMING HAND SOAP ANTIBACTERIAL (benzalkonium chloride 0.13 % cutaneous solution) APOLLO HEALTH AND BEAUTY CARE,"ENERGY BERRY BAIES ÉNERGISANTES FOAMING HAND SOAP ANTIBACTERIAL (chlorure de benzalkonium 0,13 % solution pour application cutanée) APOLLO HEALTH AND BEAUTY CARE",ADDED
96208,02472775,SPRING SHOWERS PLUIES PRINTANIÈRES FOAMING HAND SOAP ANTIBACTERIAL (benzalkonium chloride 0.13 % cutaneous solution) APOLLO HEALTH AND BEAUTY CARE,"SPRING SHOWERS PLUIES PRINTANIÈRES FOAMING HAND SOAP ANTIBACTERIAL (chlorure de benzalkonium 0,13 % solution pour application cutanée) APOLLO HEALTH AND BEAUTY CARE",ADDED
96343,02473798,PEAR AB HAND SOAP (benzalkonium chloride 0.13 % cutaneous solution) ZEP MANUFACTURING COMPANY OF CANADA,"PEAR AB HAND SOAP (chlorure de benzalkonium 0,13 % solution pour application cutanée) ZEP MANUFACTURING COMPANY OF CANADA",ADDED
96721,02476193,PYRITHIONE ZINC DANDRUFF SHAMPOO MEN 2IN1 SWAGGER (pyrithione zinc 1 % shampoo) PROCTER & GAMBLE INC,PYRITHIONE ZINC DANDRUFF SHAMPOO MEN 2IN1 SWAGGER (pyrithione zincique 1 % shampoing) PROCTER & GAMBLE INC,"Health_Canada_product_name: ""PYRITHIONE ZINC DANDRUFF SHAMPOO 2IN1 MEN SWAGGER"" -> ""PYRITHIONE ZINC DANDRUFF SHAMPOO MEN 2IN1 SWAGGER""
mp_formal_name: ""PYRITHIONE ZINC DANDRUFF SHAMPOO 2IN1 ̲M̲E̲N̲ SWAGGER (pyrithione zinc 1 % shampoo) PROCTER & GAMBLE INC"" -> ""PYRITHIONE ZINC DANDRUFF SHAMPOO M̲E̲N̲ ̲2IN1 SWAGGER (pyrithione zinc 1 % shampoo) PROCTER & GAMBLE INC""
mp_fr_description: ""PYRITHIONE ZINC DANDRUFF SHAMPOO 2IN1 ̲M̲E̲N̲ SWAGGER (pyrithione zincique 1 % shampoing) PROCTER & GAMBLE INC"" -> ""PYRITHIONE ZINC DANDRUFF SHAMPOO M̲E̲N̲ ̲2IN1 SWAGGER (pyrithione zincique 1 % shampoing) PROCTER & GAMBLE INC"""
96806,02477211,PYRITHIONE ZINC DANDRUFF SHAMPOO MEN 2IN1 PURE SPORT (pyrithione zinc 1 % shampoo) PROCTER & GAMBLE INC,PYRITHIONE ZINC DANDRUFF SHAMPOO MEN 2IN1 PURE SPORT (pyrithione zincique 1 % shampoing) PROCTER & GAMBLE INC,"Health_Canada_product_name: ""PYRITHIONE ZINC DANDRUFF SHAMPOO 2IN1 MEN PURE SPORT"" -> ""PYRITHIONE ZINC DANDRUFF SHAMPOO MEN 2IN1 PURE SPORT""
mp_formal_name: ""PYRITHIONE ZINC DANDRUFF SHAMPOO 2IN1 ̲M̲E̲N̲ PURE SPORT (pyrithione zinc 1 % shampoo) PROCTER & GAMBLE INC"" -> ""PYRITHIONE ZINC DANDRUFF SHAMPOO M̲E̲N̲ ̲2IN1 PURE SPORT (pyrithione zinc 1 % shampoo) PROCTER & GAMBLE INC""
mp_fr_description: ""PYRITHIONE ZINC DANDRUFF SHAMPOO 2IN1 ̲M̲E̲N̲ PURE SPORT (pyrithione zincique 1 % shampoing) PROCTER & GAMBLE INC"" -> ""PYRITHIONE ZINC DANDRUFF SHAMPOO M̲E̲N̲ ̲2IN1 PURE SPORT (pyrithione zincique 1 % shampoing) PROCTER & GAMBLE INC"""
96824,02477289,PYRITHIONE ZINC DANDRUFF SHAMPOO MEN 2IN1 FIJI (pyrithione zinc 1 % shampoo) PROCTER & GAMBLE INC,PYRITHIONE ZINC DANDRUFF SHAMPOO MEN 2IN1 FIJI (pyrithione zincique 1 % shampoing) PROCTER & GAMBLE INC,"Health_Canada_product_name: ""PYRITHIONE ZINC DANDRUFF SHAMPOO 2IN1 MEN FIJI"" -> ""PYRITHIONE ZINC DANDRUFF SHAMPOO MEN 2IN1 FIJI""
mp_formal_name: ""PYRITHIONE ZINC DANDRUFF SHAMPOO 2IN1 ̲M̲E̲N̲ FIJI (pyrithione zinc 1 % shampoo) PROCTER & GAMBLE INC"" -> ""PYRITHIONE ZINC DANDRUFF SHAMPOO M̲E̲N̲ ̲2IN1 FIJI (pyrithione zinc 1 % shampoo) PROCTER & GAMBLE INC""
mp_fr_description: ""PYRITHIONE ZINC DANDRUFF SHAMPOO 2IN1 ̲M̲E̲N̲ FIJI (pyrithione zincique 1 % shampoing) PROCTER & GAMBLE INC"" -> ""PYRITHIONE ZINC DANDRUFF SHAMPOO M̲E̲N̲ ̲2IN1 FIJI (pyrithione zincique 1 % shampoing) PROCTER & GAMBLE INC"""
97037,02479729,"ALCOHOL FREE FOAMING HAND SANITIZER (benzalkonium chloride 0.13 % cutaneous solution) VI-JON, LLC","ALCOHOL FREE FOAMING HAND SANITIZER (chlorure de benzalkonium 0,13 % solution pour application cutanée) VI-JON, LLC",ADDED
97058,02480034,POTASSIUM CHLORIDE FOR INJECTION CONCENTRATE (potassium chloride 200 meq per 100 mL solution for injection) OMEGA LABORATORIES LIMITED,POTASSIUM CHLORIDE FOR INJECTION CONCENTRATE (chlorure de potassium 200 meq par 100 mL solution injectable) OMEGA LABORATORIES LIMITED,ADDED
97065,02480131,COVERGIRL TRUBLEND BASE BUSINESS SKIN PRIMER BASE POUR LA PEAU (ensulizole 3 % cutaneous emulsion) HFC PRESTIGE INTERNATIONAL CANADA INC,COVERGIRL TRUBLEND BASE BUSINESS SKIN PRIMER BASE POUR LA PEAU (ensulizole 3 % émulsion cutanée) HFC PRESTIGE INTERNATIONAL CANADA INC,ADDED
97086,02480336,"DYE FREE FRAGRANCE FREE ANTIBACTERIAL FOAMING HAND SOAP (benzalkonium chloride 0.13 % cutaneous solution) VI-JON, LLC","DYE FREE FRAGRANCE FREE ANTIBACTERIAL FOAMING HAND SOAP (chlorure de benzalkonium 0,13 % solution pour application cutanée) VI-JON, LLC",ADDED
97106,02480506,APPLAUD AB ANTISEPTIC LOTIONIZED HAND SOAP (chloroxylenol 0.5 % NA) ZEP MANUFACTURING COMPANY OF CANADA,"APPLAUD AB ANTISEPTIC LOTIONIZED HAND SOAP (chloroxylénol 0,5 % NA) ZEP MANUFACTURING COMPANY OF CANADA",ADDED
97147,02480816,SCOTT ANTIMICROBIAL FOAM SKIN CLEANSER (benzalkonium chloride 0.1 % cutaneous solution) KIMBERLY-CLARK GLOBAL SALES LLC,"SCOTT ANTIMICROBIAL FOAM SKIN CLEANSER (chlorure de benzalkonium 0,1 % solution pour application cutanée) KIMBERLY-CLARK GLOBAL SALES LLC",ADDED
97189,02481456,SCOTT FOAM HAND SANITIZER (benzalkonium chloride 0.13 % cutaneous solution) KIMBERLY-CLARK GLOBAL SALES LLC,"SCOTT FOAM HAND SANITIZER (chlorure de benzalkonium 0,13 % solution pour application cutanée) KIMBERLY-CLARK GLOBAL SALES LLC",ADDED
97192,02481480,FINIPIL 4 MEN ONLY (benzethonium chloride 0.2 % cutaneous cream) EQUIBAL LABS INC,"FINIPIL 4 MEN ONLY (chlorure de benzéthonium 0,2 % crème cutanée) EQUIBAL LABS INC",ADDED
97592,02485699,POTASSIUM CHLORIDE FOR INJECTION CONCENTRATE USP (potassium chloride 149 mg per mL solution for injection) B. BRAUN MEDICAL INC,POTASSIUM CHLORIDE FOR INJECTION CONCENTRATE USP (chlorure de potassium 149 mg par mL solution injectable) B. BRAUN MEDICAL INC,ADDED
97664,02486431,ADVANTAGE SANITIZING WIPES (benzalkonium chloride 0.12 % wipe) 2XL CORPORATION,"ADVANTAGE SANITIZING WIPES (chlorure de benzalkonium 0,12 % lingette) 2XL CORPORATION",ADDED
97680,02486628,"SODIUM BICARBONATE INJECTION, USP (sodium bicarbonate 42 mg per mL solution for injection) FRESENIUS KABI CANADA LTD","SODIUM BICARBONATE INJECTION, USP (bicarbonate de sodium 42 mg par mL solution injectable) FRESENIUS KABI CANADA LTD",ADDED
97681,02486636,"SODIUM BICARBONATE INJECTION, USP (sodium bicarbonate 84 mg per mL solution for injection) FRESENIUS KABI CANADA LTD","SODIUM BICARBONATE INJECTION, USP (bicarbonate de sodium 84 mg par mL solution injectable) FRESENIUS KABI CANADA LTD",ADDED
97789,02487756,BIBAG (sodium bicarbonate 900 g per bag powder for concentrate for solution for haemodialysis) FRESENIUS MEDICAL CARE CANADA INC,BIBAG (bicarbonate de sodium 900 g par sac poudre pour solution à diluer pour solution pour hémodialyse) FRESENIUS MEDICAL CARE CANADA INC,ADDED
98300,02493020,TARO-DOXORUBICIN LIPOSOMAL (doxorubicin hydrochloride 2 mg per mL suspension for injection) TARO PHARMACEUTICALS INC,TARO-DOXORUBICIN LIPOSOMAL (chlorhydrate de doxorubicine 2 mg par mL suspension injectable) TARO PHARMACEUTICALS INC,ADDED
98507,02495112,ZERO FRESH BREATH (cetylpyridinium chloride 0.075 % mouthwash) COLGATE-PALMOLIVE CANADA INC,"ZERO FRESH BREATH (chlorure de cétylpyridinium 0,075 % solution pour bain de bouche) COLGATE-PALMOLIVE CANADA INC",DELETED
98597,02496097,"PACLITAXEL POWDER FOR INJECTABLE SUSPENSION NANOPARTICLE, ALBUMIN-BOUND PACLITAXEL (paclitaxel 100 mg per vial powder for suspension for injection) PANACEA BIOTEC PHARMA LIMITED","PACLITAXEL POWDER FOR INJECTABLE SUSPENSION NANOPARTICLE, ALBUMIN-BOUND PACLITAXEL (paclitaxel 100 mg par fiole poudre pour suspension injectable) PANACEA BIOTEC PHARMA LIMITED",ADDED
98901,02499274,EZ PUR HAND SANITIZER (benzalkonium chloride 0.15 % cutaneous solution) PRELAM ENTERPRISES LIMITED,"EZ PUR HAND SANITIZER (chlorure de benzalkonium 0,15 % solution pour application cutanée) PRELAM ENTERPRISES LIMITED",ADDED
98928,02499541,NON-ALCOHOL HAND SANITIZER (benzalkonium chloride 0.13 % cutaneous solution) TEAMWORKS MANUFACTURING,"NON-ALCOHOL HAND SANITIZER (chlorure de benzalkonium 0,13 % solution pour application cutanée) TEAMWORKS MANUFACTURING",ADDED
98983,02500124,FOAM-CARE ULTRA (benzalkonium chloride 0.13 % cutaneous solution) LES CHIMIQUES B.O.D. INC,"FOAM-CARE ULTRA (chlorure de benzalkonium 0,13 % solution pour application cutanée) LES CHIMIQUES B.O.D. INC",ADDED
99098,02501368,DOVE CARE & PROTECT HAND WASH ANTIBACTERIAL (benzalkonium chloride 0.13 % cutaneous solution) UNILEVER CANADA,"DOVE CARE & PROTECT HAND WASH ANTIBACTERIAL (chlorure de benzalkonium 0,13 % solution pour application cutanée) UNILEVER CANADA",ADDED
99175,02502178,ANTI-MICROBE M (benzalkonium chloride 0.15 % cutaneous solution) ATOMS F.D. INC,"ANTI-MICROBE M (chlorure de benzalkonium 0,15 % solution pour application cutanée) ATOMS F.D. INC",ADDED
99178,02502208,HAND SANITIZER (benzalkonium chloride 0.15 % cutaneous solution) CONTRACT PACKAGING DISTRIBUTION INC.,"HAND SANITIZER (chlorure de benzalkonium 0,15 % solution pour application cutanée) CONTRACT PACKAGING DISTRIBUTION INC.",ADDED
99184,02502267,TRIPLE RAIN HAND SANITIZER (benzalkonium chloride 0.125 % cutaneous spray) KIKSTICK SAFETY LTD,"TRIPLE RAIN HAND SANITIZER (chlorure de benzalkonium 0,125 % vaporisation cutanée) KIKSTICK SAFETY LTD",ADDED
99238,02502852,FS ANTIMICROBIAL HAND WASH (benzalkonium chloride 0.13 % cutaneous solution) ZEP MANUFACTURING COMPANY OF CANADA,"FS ANTIMICROBIAL HAND WASH (chlorure de benzalkonium 0,13 % solution pour application cutanée) ZEP MANUFACTURING COMPANY OF CANADA",ADDED
99458,02505223,BIJUVA (estradiol (estradiol hemihydrate) 1 mg and progesterone 100 mg oral capsule) KNIGHT THERAPEUTICS INC.,BIJUVA (estradiol (hémihydrate d'estradiol) 1 mg et progestérone 100 mg capsule orale) KNIGHT THERAPEUTICS INC.,ADDED
99564,02506300,DERMA SOLUTIONS (benzalkonium chloride 0.15 % cutaneous solution) LAROSE & FILS LTEE,"DERMA SOLUTIONS (chlorure de benzalkonium 0,15 % solution pour application cutanée) LAROSE & FILS LTEE",ADDED
99574,02506351,PURE-T (benzalkonium chloride 0.15 % cutaneous solution) GESTIONS AGRI-MART INC,"PURE-T (chlorure de benzalkonium 0,15 % solution pour application cutanée) GESTIONS AGRI-MART INC",ADDED
99755,02508168,SOFTSOAP ANTIBACTERIAL WHITE TEA & BERRY (benzalkonium chloride 0.13 % cutaneous solution) COLGATE-PALMOLIVE CANADA INC,"SOFTSOAP ANTIBACTERIAL WHITE TEA & BERRY (chlorure de benzalkonium 0,13 % solution pour application cutanée) COLGATE-PALMOLIVE CANADA INC",ADDED
99761,02508222,REFRESH ANTIBAC FOAM (benzalkonium chloride 0.13 % cutaneous solution) SC JOHNSON PROFESSIONAL CA INC,"REFRESH ANTIBAC FOAM (chlorure de benzalkonium 0,13 % solution pour application cutanée) SC JOHNSON PROFESSIONAL CA INC",ADDED
99772,02508354,UPMAID ANTIBACTERIAL HAND SOAP (benzalkonium chloride 0.15 % cutaneous solution) UPMAID TECHNOLOGIES INC.,"UPMAID ANTIBACTERIAL HAND SOAP (chlorure de benzalkonium 0,15 % solution pour application cutanée) UPMAID TECHNOLOGIES INC.",ADDED
99985,02510650,GERMS BE GONE ANTIBACTERIAL HAND SOAP (benzalkonium chloride 0.13 % cutaneous solution) BRANDS INTERNATIONAL CORPORATION,"GERMS BE GONE ANTIBACTERIAL HAND SOAP (chlorure de benzalkonium 0,13 % solution pour application cutanée) BRANDS INTERNATIONAL CORPORATION",ADDED
100018,02510901,SOAPOPULAR ANTIBACTERIAL HAND SOAP (benzalkonium chloride 0.15 % cutaneous solution) SOAPOPULAR INC,"SOAPOPULAR ANTIBACTERIAL HAND SOAP (chlorure de benzalkonium 0,15 % solution pour application cutanée) SOAPOPULAR INC",ADDED
100063,02511436,ENVIRO FRESH HAND SANITIZER (benzalkonium chloride 0.15 % cutaneous solution) ENVIRO FRESH,"ENVIRO FRESH HAND SANITIZER (chlorure de benzalkonium 0,15 % solution pour application cutanée) ENVIRO FRESH",ADDED
100161,02512319,VISION ANTIBACTERIAL HAND SOAP (chloroxylenol 0.5 % cutaneous solution) LAWRASON'S INC,"VISION ANTIBACTERIAL HAND SOAP (chloroxylénol 0,5 % solution pour application cutanée) LAWRASON'S INC",ADDED
100228,02513048,ALL CLEAN ANTIBACTERIAL FOAMING HAND WASH (benzalkonium chloride 0.13 % cutaneous solution) ALL CLEAN NATURAL LTD.,"ALL CLEAN ANTIBACTERIAL FOAMING HAND WASH (chlorure de benzalkonium 0,13 % solution pour application cutanée) ALL CLEAN NATURAL LTD.",ADDED
100244,02513226,SANI HANDS FOAM (benzalkonium chloride 0.1 % cutaneous solution) OSTREM CHEMICAL CO LTD.,"SANI HANDS FOAM (chlorure de benzalkonium 0,1 % solution pour application cutanée) OSTREM CHEMICAL CO LTD.",ADDED
100339,02514222,VISTASEAL (fibrinogen human 80 mg per 1 mL and thrombin human 500 unit per 1 mL cutaneous solution) INSTITUTO GRIFOLS S.A.,VISTASEAL (fibrinogène humaine 80 mg par 1 mL et thrombine humaine 500 unité par 1 mL solution pour application cutanée) INSTITUTO GRIFOLS S.A.,ADDED
100340,02514230,VISTASEAL (fibrinogen human 160 mg per 2 mL and thrombin human 1000 unit per 2 mL cutaneous solution) INSTITUTO GRIFOLS S.A.,VISTASEAL (fibrinogène humaine 160 mg par 2 mL et thrombine humaine 1000 unité par 2 mL solution pour application cutanée) INSTITUTO GRIFOLS S.A.,ADDED
100342,02514257,VISTASEAL (fibrinogen human 400 mg per 5 mL and thrombin human 2500 unit per 5 mL cutaneous solution) INSTITUTO GRIFOLS S.A.,VISTASEAL (fibrinogène humaine 400 mg par 5 mL et thrombine humaine 2500 unité par 5 mL solution pour application cutanée) INSTITUTO GRIFOLS S.A.,ADDED
100412,02514729,ANTIBACTERIAL FOAMING SKIN CLEANSER (benzalkonium chloride 0.1 % cutaneous solution) DOLLARAMA L.P.,"ANTIBACTERIAL FOAMING SKIN CLEANSER (chlorure de benzalkonium 0,1 % solution pour application cutanée) DOLLARAMA L.P.",ADDED
100489,02515490,VYXEOS (cytarabine 100 mg and daunorubicin 44 mg powder for solution for injection) JAZZ PHARMACEUTICALS IRELAND LIMITED,VYXEOS (cytarabine 100 mg et daunorubicine 44 mg poudre pour solution injectable) JAZZ PHARMACEUTICALS IRELAND LIMITED,ADDED
100560,02516225,SODIUM BICARBONATE INJECTION USP (sodium bicarbonate 84 mg per mL solution for injection) JAMP PHARMA CORPORATION,SODIUM BICARBONATE INJECTION USP (bicarbonate de sodium 84 mg par mL solution injectable) JAMP PHARMA CORPORATION,ADDED
100777,02518457,ANTI-DANDRUFF SHAMPOO (pyrithione zinc 1 % shampoo) FIRST AID BEAUTY LTD,ANTI-DANDRUFF SHAMPOO (pyrithione zincique 1 % shampoing) FIRST AID BEAUTY LTD,DELETED
101023,02520990,"NYPOZI (filgrastim 300 mcg per 0.5 mL solution for injection syringe) TANVEX BIOPHARMA USA, INC.","NYPOZI (filgrastim 300 mcg par 0,5 mL solution injectable seringue) TANVEX BIOPHARMA USA, INC.",ADDED
101024,02521008,"NYPOZI (filgrastim 480 mcg per 0.8 mL solution for injection syringe) TANVEX BIOPHARMA USA, INC.","NYPOZI (filgrastim 480 mcg par 0,8 mL solution injectable seringue) TANVEX BIOPHARMA USA, INC.",ADDED
101181,02522705,TEVA-SITAGLIPTIN MALATE (sitagliptin (sitagliptin malate) 25 mg oral tablet) TEVA CANADA LIMITED,TEVA-SITAGLIPTIN MALATE (sitagliptine (malate de sitagliptine) 25 mg comprimé oral) TEVA CANADA LIMITED,ADDED
101182,02522713,TEVA-SITAGLIPTIN MALATE (sitagliptin (sitagliptin malate) 50 mg oral tablet) TEVA CANADA LIMITED,TEVA-SITAGLIPTIN MALATE (sitagliptine (malate de sitagliptine) 50 mg comprimé oral) TEVA CANADA LIMITED,ADDED
101183,02522721,TEVA-SITAGLIPTIN MALATE (sitagliptin (sitagliptin malate) 100 mg oral tablet) TEVA CANADA LIMITED,TEVA-SITAGLIPTIN MALATE (sitagliptine (malate de sitagliptine) 100 mg comprimé oral) TEVA CANADA LIMITED,ADDED
101242,02523310,KETOROLAC TROMETHAMINE INJECTION USP (ketorolac tromethamine 30 mg per 1 mL solution for injection vial) JAMP PHARMA CORPORATION,KETOROLAC TROMETHAMINE INJECTION USP (trométhamine de kétorolac 30 mg par 1 mL solution injectable fiole) JAMP PHARMA CORPORATION,ADDED
101539,02526271,EVUSHELD (cilgavimab 150 mg per 1.5 mL solution for injection vial with tixagevimab 150 mg per 1.5 mL solution for injection vial) ASTRAZENECA CANADA INC,"EVUSHELD (cilgavimab 150 mg par 1,5 mL solution injectable fiole avec tixagévimab 150 mg par 1,5 mL solution injectable fiole) ASTRAZENECA CANADA INC",DELETED
101744,02528193,MAGNESIUM CHLORIDE FOR HEMODIALYSIS 5.15 (magnesium chloride (magnesium chloride hexahydrate) 5.15 g per vial powder for concentrate for solution for haemodialysis) CHIEF MEDICAL SUPPLIES LTD,"MAGNESIUM CHLORIDE FOR HEMODIALYSIS 5.15 (chlorure de magnésium 5,15 g par fiole poudre pour solution à diluer pour solution pour hémodialyse) CHIEF MEDICAL SUPPLIES LTD",ADDED
101819,02528991,APO-DEXLANSOPRAZOLE (dexlansoprazole 30 mg gastro-resistant capsule) APOTEX INC,APO-DEXLANSOPRAZOLE (dexlansoprazole 30 mg capsule gastrorésistante) APOTEX INC,ADDED
101822,02529025,APO-DEXLANSOPRAZOLE (dexlansoprazole 60 mg gastro-resistant capsule) APOTEX INC,APO-DEXLANSOPRAZOLE (dexlansoprazole 60 mg capsule gastrorésistante) APOTEX INC,ADDED
101828,02529092,SANDOZ APREMILAST (apremilast 10 mg oral tablet with apremilast 20 mg oral tablet with apremilast 30 mg oral tablet) SANDOZ CANADA INCORPORATED,SANDOZ APREMILAST (apremilast 10 mg comprimé oral avec apremilast 20 mg comprimé oral avec apremilast 30 mg comprimé oral) SANDOZ CANADA INCORPORATED,ADDED
101903,02529793,POTASSIUM CHLORIDE FOR HEMODIALYSIS 7.55 (potassium chloride 7.55 g per vial powder for concentrate for solution for haemodialysis) CHIEF MEDICAL SUPPLIES LTD,"POTASSIUM CHLORIDE FOR HEMODIALYSIS 7.55 (chlorure de potassium 7,55 g par fiole poudre pour solution à diluer pour solution pour hémodialyse) CHIEF MEDICAL SUPPLIES LTD",ADDED
101907,02529831,ROCURONIUM BROMIDE INJECTION (rocuronium bromide 10 mg per mL solution for injection) JAMP PHARMA CORPORATION,ROCURONIUM BROMIDE INJECTION (bromure de rocuronium 10 mg par mL solution injectable) JAMP PHARMA CORPORATION,ADDED
102121,02532158,TARO-DESVENLAFAXINE (desvenlafaxine (desvenlafaxine succinate) 50 mg prolonged-release oral tablet) TARO PHARMACEUTICALS INC,TARO-DESVENLAFAXINE (desvenlafaxine (succinate de desvenlafaxine) 50 mg comprimé oral à libération prolongée) TARO PHARMACEUTICALS INC,ADDED
102122,02532166,TARO-DESVENLAFAXINE (desvenlafaxine (desvenlafaxine succinate) 100 mg prolonged-release oral tablet) TARO PHARMACEUTICALS INC,TARO-DESVENLAFAXINE (desvenlafaxine (succinate de desvenlafaxine) 100 mg comprimé oral à libération prolongée) TARO PHARMACEUTICALS INC,ADDED
102197,02532964,REBINYN (nonacog beta pegol 3000 unit per vial powder for solution for injection with diluent solution syringe) NOVO NORDISK CANADA INC,REBINYN (nonacog bêta pégol 3000 unité par fiole poudre pour solution injectable avec solution diluante seringue) NOVO NORDISK CANADA INC,ADDED
102344,02534525,JAMP DICLOFENAC (diclofenac sodium 0.1 % ophthalmic drops) JAMP PHARMA CORPORATION,"JAMP DICLOFENAC (diclofénac sodique 0,1 % gouttes ophtalmiques) JAMP PHARMA CORPORATION",ADDED
102458,02535750,ACETAMINOPHEN INJECTION (acetaminophen 1000 mg per 100 mL solution for injection bottle) B. BRAUN MELSUNGEN AG,ACETAMINOPHEN INJECTION (acétaminophène 1000 mg par 100 mL solution injectable bouteille) B. BRAUN MELSUNGEN AG,ADDED
102475,02535939,MINT-ENTACAPONE (entacapone 200 mg oral tablet) MINT PHARMACEUTICALS INC,MINT-ENTACAPONE (entacapone 200 mg comprimé oral) MINT PHARMACEUTICALS INC,ADDED
102484,02536021,AMOXICILLIN/CLAV (amoxicillin (amoxicillin trihydrate) 500 mg and clavulanic acid (potassium clavulanate) 125 mg oral tablet) SANIS HEALTH INC,AMOXICILLIN/CLAV (amoxicilline (trihydrate d'amoxicilline) 500 mg et acide clavulanique (clavulanate de potassium) 125 mg comprimé oral) SANIS HEALTH INC,ADDED
102485,02536048,AMOXICILLIN/CLAV (amoxicillin (amoxicillin trihydrate) 875 mg and clavulanic acid (potassium clavulanate) 125 mg oral tablet) SANIS HEALTH INC,AMOXICILLIN/CLAV (amoxicilline (trihydrate d'amoxicilline) 875 mg et acide clavulanique (clavulanate de potassium) 125 mg comprimé oral) SANIS HEALTH INC,ADDED
102488,02536064,CANDESARTAN/HCTZ (candesartan cilexetil 32 mg and hydrochlorothiazide 12.5 mg oral tablet) SANIS HEALTH INC,"CANDESARTAN/HCTZ (candésartan cilexétil 32 mg et hydrochlorothiazide 12,5 mg comprimé oral) SANIS HEALTH INC",ADDED
102494,02536129,PROTECTIVE OINTMENT (petrolatum 98.85 % cutaneous ointment) SMITH & NEPHEW INC,"PROTECTIVE OINTMENT (pétrolatum 98,85 % pommade cutanée) SMITH & NEPHEW INC",ADDED
102507,02536285,CISPLATIN INJECTION BP (cisplatin 1 mg per mL solution for injection) HIKMA CANADA LIMITED,CISPLATIN INJECTION BP (cisplatine 1 mg par mL solution injectable) HIKMA CANADA LIMITED,ADDED
102510,02536315,"TESTOSTERONE ENANTHATE INJECTION, USP (testosterone enanthate 1000 mg per 5 mL solution for injection vial) HIKMA CANADA LIMITED","TESTOSTERONE ENANTHATE INJECTION, USP (énanthate de testostérone 1000 mg par 5 mL solution injectable fiole) HIKMA CANADA LIMITED",ADDED
102520,02536420,NRA-EZETIMIBE TABLETS (ezetimibe 10 mg oral tablet) NORA PHARMA INC,NRA-EZETIMIBE TABLETS (ézétimibe 10 mg comprimé oral) NORA PHARMA INC,ADDED
102549,02536730,AG-TOPIRAMATE TABLETS (topiramate 100 mg oral tablet) ANGITA PHARMA INC.,AG-TOPIRAMATE TABLETS (topiramate 100 mg comprimé oral) ANGITA PHARMA INC.,ADDED
102553,02536781,PYRITHIONE ZINC DANDRUFF SHAMPOO AVOCADO OIL 2IN1 (pyrithione zinc 1 % shampoo) PROCTER & GAMBLE INC,PYRITHIONE ZINC DANDRUFF SHAMPOO AVOCADO OIL 2IN1 (pyrithione zincique 1 % shampoing) PROCTER & GAMBLE INC,ADDED
102662,02537869,BARE MINIMAL INGREDIENTS SHAMPOO SOOTHING HYDRATION (pyrithione zinc 1 % shampoo) PROCTER & GAMBLE INC,BARE MINIMAL INGREDIENTS SHAMPOO SOOTHING HYDRATION (pyrithione zincique 1 % shampoing) PROCTER & GAMBLE INC,ADDED
102664,02537885,BARE MINIMAL INGREDIENTS SHAMPOO PURE CLEAN (pyrithione zinc 1 % shampoo) PROCTER & GAMBLE INC,BARE MINIMAL INGREDIENTS SHAMPOO PURE CLEAN (pyrithione zincique 1 % shampoing) PROCTER & GAMBLE INC,ADDED
102686,02538113,ANTIBACTERIAL HAND WIPES (benzalkonium chloride 0.13 % wipe) CANADIAN CUSTOM PACKAGING COMPANY,"ANTIBACTERIAL HAND WIPES (chlorure de benzalkonium 0,13 % lingette) CANADIAN CUSTOM PACKAGING COMPANY",ADDED
102710,02538377,CARBOPROST TROMETHAMINE INJECTION USP (carboprost (carboprost tromethamine) 250 mcg per 1 mL solution for injection vial) JUNO PHARMACEUTICALS CORP.,CARBOPROST TROMETHAMINE INJECTION USP (carboprost (trométhamine de carboprost) 250 mcg par 1 mL solution injectable fiole) JUNO PHARMACEUTICALS CORP.,ADDED
102721,02538490,CLONIDINE (clonidine hydrochloride 0.1 mg oral tablet) SIVEM PHARMACEUTICALS ULC,"CLONIDINE (chlorhydrate de clonidine 0,1 mg comprimé oral) SIVEM PHARMACEUTICALS ULC",ADDED
102722,02538504,CLONIDINE (clonidine hydrochloride 0.2 mg oral tablet) SIVEM PHARMACEUTICALS ULC,"CLONIDINE (chlorhydrate de clonidine 0,2 mg comprimé oral) SIVEM PHARMACEUTICALS ULC",ADDED
102786,02539209,DAUNORUBICIN HYDROCHLORIDE INJECTION (daunorubicin (daunorubicin hydrochloride) 20 mg per 4 mL solution for injection vial) HIKMA CANADA LIMITED,DAUNORUBICIN HYDROCHLORIDE INJECTION (daunorubicine (chlorhydrate de daunorubicine) 20 mg par 4 mL solution injectable fiole) HIKMA CANADA LIMITED,ADDED
102879,02540061,CLONIDINE (clonidine hydrochloride 0.025 mg oral tablet) SIVEM PHARMACEUTICALS ULC,"CLONIDINE (chlorhydrate de clonidine 0,025 mg comprimé oral) SIVEM PHARMACEUTICALS ULC",ADDED
103029,02541742,MYFEMBREE (estradiol 1 mg and norethindrone acetate 0.5 mg and relugolix 40 mg oral tablet) SUMITOMO PHARMA SWITZERLAND GMBH,"MYFEMBREE (estradiol 1 mg et acétate de noréthindrone 0,5 mg et rélugolix 40 mg comprimé oral) SUMITOMO PHARMA SWITZERLAND GMBH",ADDED
103033,02541696,PMS-PERINDOPRIL-AMLODIPINE (amlodipine (amlodipine besylate) 2.5 mg and perindopril arginine 3.5 mg oral tablet) PHARMASCIENCE INC,"PMS-PERINDOPRIL-AMLODIPINE (amlodipine (bésylate d'amlodipine) 2,5 mg et périndopril arginine 3,5 mg comprimé oral) PHARMASCIENCE INC",ADDED
103034,02541718,PMS-PERINDOPRIL-AMLODIPINE (amlodipine (amlodipine besylate) 5 mg and perindopril arginine 7 mg oral tablet) PHARMASCIENCE INC,PMS-PERINDOPRIL-AMLODIPINE (amlodipine (bésylate d'amlodipine) 5 mg et périndopril arginine 7 mg comprimé oral) PHARMASCIENCE INC,ADDED
103035,02541726,PMS-PERINDOPRIL-AMLODIPINE (amlodipine (amlodipine besylate) 10 mg and perindopril arginine 14 mg oral tablet) PHARMASCIENCE INC,PMS-PERINDOPRIL-AMLODIPINE (amlodipine (bésylate d'amlodipine) 10 mg et périndopril arginine 14 mg comprimé oral) PHARMASCIENCE INC,ADDED
103081,02542226,M-AMOXI CLAV (amoxicillin (amoxicillin trihydrate) 250 mg per 5 mL and clavulanic acid (potassium clavulanate) 62.5 mg per 5 mL oral suspension) MANTRA PHARMA INC,"M-AMOXI CLAV (amoxicilline (trihydrate d'amoxicilline) 250 mg par 5 mL et acide clavulanique (clavulanate de potassium) 62,5 mg par 5 mL suspension orale) MANTRA PHARMA INC",ADDED
103083,02542250,RANOPTO (ranibizumab 10 mg per mL solution for injection) TEVA CANADA LIMITED,RANOPTO (ranibizumab 10 mg par mL solution injectable) TEVA CANADA LIMITED,ADDED
103156,02543060,AG-CITALOPRAM TABLETS (citalopram (citalopram hydrobromide) 30 mg oral tablet) ANGITA PHARMA INC.,AG-CITALOPRAM TABLETS (citalopram (bromhydrate de citalopram) 30 mg comprimé oral) ANGITA PHARMA INC.,ADDED
103199,02543532,LITFULO (ritlecitinib (ritlecitinib tosylate) 50 mg oral capsule) PFIZER CANADA ULC,LITFULO (ritlécitinib (tosylate de ritlécitinib) 50 mg capsule orale) PFIZER CANADA ULC,ADDED
103201,02543559,ELREXFIO (elranatamab 44 mg per 1.1 mL solution for injection) PFIZER CANADA ULC,"ELREXFIO (elranatamab 44 mg par 1,1 mL solution injectable) PFIZER CANADA ULC",ADDED
103202,02543567,ELREXFIO (elranatamab 76 mg per 1.9 mL solution for injection) PFIZER CANADA ULC,"ELREXFIO (elranatamab 76 mg par 1,9 mL solution injectable) PFIZER CANADA ULC",ADDED
NA,2c15e0c53abc558c8e498fa3117b1e50,LIDOCAINE HYDROCHLORIDE INJECTION USP (lidocaine hydrochloride 50 mg per 5 mL solution for injection ampoule) FORMATIVE PHARMA INC.,LIDOCAINE HYDROCHLORIDE INJECTION USP (chlorhydrate de lidocaïne 50 mg par 5 mL solution injectable ampoule) FORMATIVE PHARMA INC.,ADDED
NA,77700769,"DOXORUBICIN INJECTION, BP (doxorubicin hydrochloride 50 mg per 25 mL solution for injection vial) ACCORD HEALTHCARE INC","DOXORUBICIN INJECTION, BP (chlorhydrate de doxorubicine 50 mg par 25 mL solution injectable fiole) ACCORD HEALTHCARE INC",ADDED
NA,77700770,"DOXORUBICIN INJECTION, BP (doxorubicin hydrochloride 20 mg per 10 mL solution for injection vial) ACCORD HEALTHCARE INC","DOXORUBICIN INJECTION, BP (chlorhydrate de doxorubicine 20 mg par 10 mL solution injectable fiole) ACCORD HEALTHCARE INC",ADDED
NA,77700771,"DOXORUBICIN INJECTION, BP (doxorubicin hydrochloride 2 mg per mL solution for injection 100 mL vial) ACCORD HEALTHCARE INC","DOXORUBICIN INJECTION, BP (chlorhydrate de doxorubicine 2 mg par mL solution injectable 100 mL fiole) ACCORD HEALTHCARE INC",ADDED
NA,77700772,"DOXORUBICIN INJECTION, BP (doxorubicin hydrochloride 10 mg per 5 mL solution for injection vial) ACCORD HEALTHCARE INC","DOXORUBICIN INJECTION, BP (chlorhydrate de doxorubicine 10 mg par 5 mL solution injectable fiole) ACCORD HEALTHCARE INC",ADDED
NA,77700783,DOXORUBICIN HYDROCHLORIDE INJECTION (doxorubicin hydrochloride 50 mg per 25 mL solution for injection vial) TEVA CANADA LIMITED,DOXORUBICIN HYDROCHLORIDE INJECTION (chlorhydrate de doxorubicine 50 mg par 25 mL solution injectable fiole) TEVA CANADA LIMITED,ADDED
NA,77700784,DOXORUBICIN HYDROCHLORIDE INJECTION (doxorubicin hydrochloride 2 mg per mL solution for injection 100 mL vial) TEVA CANADA LIMITED,DOXORUBICIN HYDROCHLORIDE INJECTION (chlorhydrate de doxorubicine 2 mg par mL solution injectable 100 mL fiole) TEVA CANADA LIMITED,ADDED
NA,77700785,DOXORUBICIN HYDROCHLORIDE INJECTION (doxorubicin hydrochloride 10 mg per 5 mL solution for injection vial) TEVA CANADA LIMITED,DOXORUBICIN HYDROCHLORIDE INJECTION (chlorhydrate de doxorubicine 10 mg par 5 mL solution injectable fiole) TEVA CANADA LIMITED,ADDED
NA,77700789,DOXORUBICIN (doxorubicin hydrochloride 10 mg per 5 mL solution for injection vial) PFIZER CANADA ULC,DOXORUBICIN (chlorhydrate de doxorubicine 10 mg par 5 mL solution injectable fiole) PFIZER CANADA ULC,ADDED
NA,77700790,DOXORUBICIN (doxorubicin hydrochloride 2 mg per mL solution for injection 100 mL vial) PFIZER CANADA ULC,DOXORUBICIN (chlorhydrate de doxorubicine 2 mg par mL solution injectable 100 mL fiole) PFIZER CANADA ULC,ADDED
NA,77700791,DOXORUBICIN (doxorubicin hydrochloride 50 mg per 25 mL solution for injection vial) PFIZER CANADA ULC,DOXORUBICIN (chlorhydrate de doxorubicine 50 mg par 25 mL solution injectable fiole) PFIZER CANADA ULC,ADDED
NA,77700954,PROPOFOL (propofol 200 mg per 20 mL emulsion for injection vial) BAXTER CORPORATION,PROPOFOL (propofol 200 mg par 20 mL émulsion injectable fiole) BAXTER CORPORATION,DELETED
NA,77700955,PROPOFOL (propofol 500 mg per 50 mL emulsion for injection vial) BAXTER CORPORATION,PROPOFOL (propofol 500 mg par 50 mL émulsion injectable fiole) BAXTER CORPORATION,DELETED
NA,77700956,PROPOFOL (propofol 1000 mg per 100 mL emulsion for injection vial) BAXTER CORPORATION,PROPOFOL (propofol 1000 mg par 100 mL émulsion injectable fiole) BAXTER CORPORATION,DELETED
NA,77700991,PACLITAXEL FOR INJECTION (paclitaxel 100 mg per 16.7 mL solution for injection vial) BIOLYSE PHARMA CORPORATION,"PACLITAXEL FOR INJECTION (paclitaxel 100 mg par 16,7 mL solution injectable fiole) BIOLYSE PHARMA CORPORATION",ADDED
NA,77700992,PACLITAXEL FOR INJECTION (paclitaxel 100 mg per 16.7 mL solution for injection vial) BIOLYSE PHARMA CORPORATION,"PACLITAXEL FOR INJECTION (paclitaxel 100 mg par 16,7 mL solution injectable fiole) BIOLYSE PHARMA CORPORATION",ADDED
NA,77700993,PACLITAXEL FOR INJECTION (paclitaxel 100 mg per 16.7 mL solution for injection vial) BIOLYSE PHARMA CORPORATION,"PACLITAXEL FOR INJECTION (paclitaxel 100 mg par 16,7 mL solution injectable fiole) BIOLYSE PHARMA CORPORATION",ADDED
NA,77700994,PACLITAXEL INJECTION USP (paclitaxel 100 mg per 16.7 mL solution for injection vial) SANDOZ CANADA INCORPORATED,"PACLITAXEL INJECTION USP (paclitaxel 100 mg par 16,7 mL solution injectable fiole) SANDOZ CANADA INCORPORATED",ADDED
NA,77700995,PACLITAXEL INJECTION USP (paclitaxel 100 mg per 16.7 mL solution for injection vial) SANDOZ CANADA INCORPORATED,"PACLITAXEL INJECTION USP (paclitaxel 100 mg par 16,7 mL solution injectable fiole) SANDOZ CANADA INCORPORATED",ADDED
NA,77700996,PACLITAXEL INJECTION USP (paclitaxel 100 mg per 16.7 mL solution for injection vial) SANDOZ CANADA INCORPORATED,"PACLITAXEL INJECTION USP (paclitaxel 100 mg par 16,7 mL solution injectable fiole) SANDOZ CANADA INCORPORATED",ADDED
NA,77700997,PACLITAXEL INJECTION USP (paclitaxel 100 mg per 16.7 mL solution for injection vial) SANDOZ CANADA INCORPORATED,"PACLITAXEL INJECTION USP (paclitaxel 100 mg par 16,7 mL solution injectable fiole) SANDOZ CANADA INCORPORATED",ADDED
NA,77700998,PACLITAXEL INJECTION USP (paclitaxel 100 mg per 16.7 mL solution for injection vial) ACCORD HEALTHCARE INC,"PACLITAXEL INJECTION USP (paclitaxel 100 mg par 16,7 mL solution injectable fiole) ACCORD HEALTHCARE INC",ADDED
NA,77700999,PACLITAXEL INJECTION USP (paclitaxel 100 mg per 16.7 mL solution for injection vial) ACCORD HEALTHCARE INC,"PACLITAXEL INJECTION USP (paclitaxel 100 mg par 16,7 mL solution injectable fiole) ACCORD HEALTHCARE INC",ADDED
NA,9787504c0a5e51c82ece295d655f458e,LIDOCAINE HYDROCHLORIDE INJECTION USP (lidocaine hydrochloride 50 mg per 5 mL solution for injection vial) FORMATIVE PHARMA INC.,LIDOCAINE HYDROCHLORIDE INJECTION USP (chlorhydrate de lidocaïne 50 mg par 5 mL solution injectable fiole) FORMATIVE PHARMA INC.,ADDED
