"mp_code","drug_code","drug_identification_number","mp_formal_name","tm_code","ccdd"
700066,60218,"02236926","ACYCLOVIR SODIUM INJECTION (acyclovir (acyclovir sodium) 1000 mg per 20 mL solution for injection vial) FRESENIUS KABI CANADA LTD",8000095,TRUE
700065,60218,"02236926","ACYCLOVIR SODIUM INJECTION (acyclovir (acyclovir sodium) 500 mg per 10 mL solution for injection vial) FRESENIUS KABI CANADA LTD",8000095,TRUE
700001,940,"00155357","ADRENALIN CHLORIDE SOL 1:1000 AMP (epinephrine (epinephrine hydrochloride) 1 mg per 1 mL solution for injection ampoule) ERFA CANADA 2012 INC",8000003,TRUE
700002,940,"00155357","ADRENALIN CHLORIDE SOL 1:1000 AMP (epinephrine (epinephrine hydrochloride) 30 mg per 30 mL solution for injection ampoule) ERFA CANADA 2012 INC",8000003,TRUE
700094,71180,"02246953","AMIODARONE FOR INJECTION 50MG/ML (amiodarone hydrochloride 150 mg per 3 mL solution for injection vial) TEVA CANADA LIMITED",8000269,TRUE
700095,71180,"02246953","AMIODARONE FOR INJECTION 50MG/ML (amiodarone hydrochloride 900 mg per 18 mL solution for injection vial) TEVA CANADA LIMITED",8000269,TRUE
700092,69797,"02245696","AMIODARONE HYDROCHLORIDE FOR INJECTION (amiodarone hydrochloride 150 mg per 3 mL solution for injection vial) HOSPIRA HEALTHCARE CORPORATION",8000269,TRUE
700080,66036,"02242325","AMIODARONE HYDROCHLORIDE FOR INJECTION (amiodarone hydrochloride 150 mg per 3 mL solution for injection vial) SANDOZ CANADA INCORPORATED",8000269,TRUE
700093,69797,"02245696","AMIODARONE HYDROCHLORIDE FOR INJECTION (amiodarone hydrochloride 300 mg per 6 mL solution for injection vial) HOSPIRA HEALTHCARE CORPORATION",8000269,TRUE
700081,66036,"02242325","AMIODARONE HYDROCHLORIDE FOR INJECTION (amiodarone hydrochloride 450 mg per 9 mL solution for injection vial) SANDOZ CANADA INCORPORATED",8000269,TRUE
700082,66036,"02242325","AMIODARONE HYDROCHLORIDE FOR INJECTION (amiodarone hydrochloride 900 mg per 18 mL solution for injection vial) SANDOZ CANADA INCORPORATED",8000269,TRUE
700090,69385,"02245346","ANDROGEL (testosterone 1 % cutaneous gel 2.5 g sachet) BGP PHARMA ULC",8000006,TRUE
700091,69385,"02245346","ANDROGEL (testosterone 1 % cutaneous gel 5 g sachet) BGP PHARMA ULC",8000006,TRUE
700096,80272,"02317206","APRI 28 (desogestrel 0.15 mg and ethinyl estradiol 0.03 mg oral tablet with lactose oral tablet) TEVA CANADA LIMITED",8000179,TRUE
700097,80272,"02317206","APRI 28 (desogestrel 0.15 mg and ethinyl estradiol 0.03 mg oral tablet) TEVA CANADA LIMITED",8000179,TRUE
700169,86244,"02376857","CALDOLOR (ibuprofen 400 mg per 4 mL solution for injection vial) ALVEDA PHARMACEUTICALS INC",8000043,TRUE
700170,86244,"02376857","CALDOLOR (ibuprofen 800 mg per 8 mL solution for injection vial) ALVEDA PHARMACEUTICALS INC",8000043,TRUE
700040,18964,"02139286","CLINDAMYCIN INJECTION (clindamycin (clindamycin phosphate) 300 mg per 2 mL solution for injection vial) FRESENIUS KABI CANADA LTD",8000036,TRUE
700041,18964,"02139286","CLINDAMYCIN INJECTION (clindamycin (clindamycin phosphate) 600 mg per 4 mL solution for injection vial) FRESENIUS KABI CANADA LTD",8000036,TRUE
700042,18964,"02139286","CLINDAMYCIN INJECTION (clindamycin (clindamycin phosphate) 900 mg per 6 mL solution for injection vial) FRESENIUS KABI CANADA LTD",8000036,TRUE
700043,18964,"02139286","CLINDAMYCIN INJECTION (clindamycin (clindamycin phosphate) 9000 mg per 60 mL solution for injection vial) FRESENIUS KABI CANADA LTD",8000036,TRUE
700171,87133,"02385716","CLINDAMYCIN INJECTION SDZ (clindamycin (clindamycin phosphate) 300 mg per 2 mL solution for injection vial) SANDOZ CANADA INCORPORATED",8000036,TRUE
700172,87133,"02385716","CLINDAMYCIN INJECTION SDZ (clindamycin (clindamycin phosphate) 600 mg per 4 mL solution for injection vial) SANDOZ CANADA INCORPORATED",8000036,TRUE
700173,87133,"02385716","CLINDAMYCIN INJECTION SDZ (clindamycin (clindamycin phosphate) 900 mg per 6 mL solution for injection vial) SANDOZ CANADA INCORPORATED",8000036,TRUE
700064,49612,"02230540","CLINDAMYCIN INJECTION USP (clindamycin (clindamycin phosphate) 150 mg per mL solution for injection 120 mL vial) SANDOZ CANADA INCORPORATED",8000036,TRUE
700063,49612,"02230540","CLINDAMYCIN INJECTION USP (clindamycin (clindamycin phosphate) 150 mg per mL solution for injection 60 mL vial) SANDOZ CANADA INCORPORATED",8000036,TRUE
700060,49605,"02230535","CLINDAMYCIN INJECTION USP (clindamycin (clindamycin phosphate) 300 mg per 2 mL solution for injection vial) SANDOZ CANADA INCORPORATED",8000036,TRUE
700061,49605,"02230535","CLINDAMYCIN INJECTION USP (clindamycin (clindamycin phosphate) 600 mg per 4 mL solution for injection vial) SANDOZ CANADA INCORPORATED",8000036,TRUE
700062,49605,"02230535","CLINDAMYCIN INJECTION USP (clindamycin (clindamycin phosphate) 900 mg per 6 mL solution for injection vial) SANDOZ CANADA INCORPORATED",8000036,TRUE
700003,1620,"00260436","DALACIN C PHOSPHATE (clindamycin (clindamycin phosphate) 300 mg per 2 mL solution for injection vial) PFIZER CANADA INC",8000036,TRUE
700004,1620,"00260436","DALACIN C PHOSPHATE (clindamycin (clindamycin phosphate) 600 mg per 4 mL solution for injection vial) PFIZER CANADA INC",8000036,TRUE
700005,1620,"00260436","DALACIN C PHOSPHATE (clindamycin (clindamycin phosphate) 900 mg per 6 mL solution for injection vial) PFIZER CANADA INC",8000036,TRUE
700006,1620,"00260436","DALACIN C PHOSPHATE (clindamycin (clindamycin phosphate) 9000 mg per 60 mL solution for injection vial) PFIZER CANADA INC",8000036,TRUE
700053,36481,"02204274","DEXAMETHASONE-OMEGA (dexamethasone phosphate (dexamethasone sodium phosphate) 10 mg per 1 mL solution for injection vial) OMEGA LABORATORIES LTD",8000114,TRUE
700054,36481,"02204274","DEXAMETHASONE-OMEGA (dexamethasone phosphate (dexamethasone sodium phosphate) 100 mg per 10 mL solution for injection vial) OMEGA LABORATORIES LTD",8000114,TRUE
700052,36480,"02204266","DEXAMETHASONE-OMEGA (dexamethasone phosphate (dexamethasone sodium phosphate) 4 mg per 1 mL solution for injection vial) OMEGA LABORATORIES LTD",8000114,TRUE
700070,61553,"02238162","DIASTAT (diazepam 15 mg per 3 mL rectal gel tube) VALEANT PHARMACEUTICALS NORTH AMERICA LLC",8000048,TRUE
700067,61553,"02238162","DIASTAT (diazepam 2.5 mg per 0.5 mL rectal gel tube) VALEANT PHARMACEUTICALS NORTH AMERICA LLC",8000048,TRUE
700071,61553,"02238162","DIASTAT (diazepam 20 mg per 4 mL rectal gel tube) VALEANT PHARMACEUTICALS NORTH AMERICA LLC",8000048,TRUE
700068,61553,"02238162","DIASTAT (diazepam 5 mg per 1 mL rectal gel tube) VALEANT PHARMACEUTICALS NORTH AMERICA LLC",8000048,TRUE
700069,61553,"02238162","DIASTAT (diazepam 7.5 mg per 1.5 mL rectal gel tube) VALEANT PHARMACEUTICALS NORTH AMERICA LLC",8000048,TRUE
700139,5936,"00622133","DILAUDID HP (hydromorphone hydrochloride 10 mg per 1 mL solution for injection vial) PURDUE PHARMA",8000106,TRUE
700141,5936,"00622133","DILAUDID HP (hydromorphone hydrochloride 10 mg per mL solution for injection 50 mL vial) PURDUE PHARMA",8000106,TRUE
700140,5936,"00622133","DILAUDID HP (hydromorphone hydrochloride 50 mg per 5 mL solution for injection vial) PURDUE PHARMA",8000106,TRUE
700086,68717,"02244728","DILTIAZEM HYDROCHLORIDE INJECTION (diltiazem hydrochloride 25 mg per 5 mL solution for injection vial) SANDOZ CANADA INCORPORATED",8000122,TRUE
700058,49026,"02230274","DILTIAZEM HYDROCHLORIDE INJECTION (diltiazem hydrochloride 25 mg per 5 mL solution for injection vial) TEVA CANADA LIMITED",8000122,TRUE
700087,68717,"02244728","DILTIAZEM HYDROCHLORIDE INJECTION (diltiazem hydrochloride 50 mg per 10 mL solution for injection vial) SANDOZ CANADA INCORPORATED",8000122,TRUE
700059,49026,"02230274","DILTIAZEM HYDROCHLORIDE INJECTION (diltiazem hydrochloride 50 mg per 10 mL solution for injection vial) TEVA CANADA LIMITED",8000122,TRUE
700117,87402,"02388499","ENALAPRILAT INJECTION USP (enalaprilat 1.25 mg per 1 mL solution for injection vial) STERIMAX INC",NA,FALSE
700118,87402,"02388499","ENALAPRILAT INJECTION USP (enalaprilat 2.5 mg per 2 mL solution for injection vial) STERIMAX INC",NA,FALSE
700144,12664,"00888346","FENTANYL CITRATE INJECTION (fentanyl (fentanyl citrate) 100 mcg per 2 mL solution for injection ampoule) HOSPIRA HEALTHCARE CORPORATION",8000127,TRUE
700147,12664,"00888346","FENTANYL CITRATE INJECTION (fentanyl (fentanyl citrate) 1000 mcg per 20 mL solution for injection ampoule) HOSPIRA HEALTHCARE CORPORATION",8000127,TRUE
700149,12664,"00888346","FENTANYL CITRATE INJECTION (fentanyl (fentanyl citrate) 1000 mcg per 20 mL solution for injection vial) HOSPIRA HEALTHCARE CORPORATION",8000127,TRUE
700145,12664,"00888346","FENTANYL CITRATE INJECTION (fentanyl (fentanyl citrate) 250 mcg per 5 mL solution for injection ampoule) HOSPIRA HEALTHCARE CORPORATION",8000127,TRUE
700146,12664,"00888346","FENTANYL CITRATE INJECTION (fentanyl (fentanyl citrate) 500 mcg per 10 mL solution for injection ampoule) HOSPIRA HEALTHCARE CORPORATION",8000127,TRUE
700148,12664,"00888346","FENTANYL CITRATE INJECTION (fentanyl (fentanyl citrate) 500 mcg per 10 mL solution for injection vial) HOSPIRA HEALTHCARE CORPORATION",8000127,TRUE
700113,86987,"02384124","FENTANYL CITRATE INJECTION SDZ (fentanyl (fentanyl citrate) 100 mcg per 2 mL solution for injection ampoule) SANDOZ CANADA INCORPORATED",8000127,TRUE
700114,86987,"02384124","FENTANYL CITRATE INJECTION SDZ (fentanyl (fentanyl citrate) 500 mcg per 10 mL solution for injection ampoule) SANDOZ CANADA INCORPORATED",8000127,TRUE
700115,87103,"02385406","FENTANYL CITRATE INJECTION USP (fentanyl (fentanyl citrate) 100 mcg per 2 mL solution for injection ampoule) ALVEDA PHARMACEUTICALS INC",8000127,TRUE
700075,63983,"02240434","FENTANYL CITRATE INJECTION USP (fentanyl (fentanyl citrate) 100 mcg per 2 mL solution for injection ampoule) SANDOZ CANADA INCORPORATED",8000127,TRUE
700078,63983,"02240434","FENTANYL CITRATE INJECTION USP (fentanyl (fentanyl citrate) 1000 mcg per 20 mL solution for injection vial) SANDOZ CANADA INCORPORATED",8000127,TRUE
700076,63983,"02240434","FENTANYL CITRATE INJECTION USP (fentanyl (fentanyl citrate) 250 mcg per 5 mL solution for injection vial) SANDOZ CANADA INCORPORATED",8000127,TRUE
700079,63983,"02240434","FENTANYL CITRATE INJECTION USP (fentanyl (fentanyl citrate) 2500 mcg per 50 mL solution for injection vial) SANDOZ CANADA INCORPORATED",8000127,TRUE
700116,87103,"02385406","FENTANYL CITRATE INJECTION USP (fentanyl (fentanyl citrate) 500 mcg per 10 mL solution for injection ampoule) ALVEDA PHARMACEUTICALS INC",8000127,TRUE
700077,63983,"02240434","FENTANYL CITRATE INJECTION USP (fentanyl (fentanyl citrate) 500 mcg per 10 mL solution for injection vial) SANDOZ CANADA INCORPORATED",8000127,TRUE
700119,88165,"02396610","FREYA 28 (desogestrel 0.15 mg and ethinyl estradiol 0.03 mg oral tablet with lactose oral tablet) MYLAN PHARMACEUTICALS ULC",8000179,TRUE
700120,88165,"02396610","FREYA 28 (desogestrel 0.15 mg and ethinyl estradiol 0.03 mg oral tablet) MYLAN PHARMACEUTICALS ULC",8000179,TRUE
700007,4431,"00527033","FUROSEMIDE INJ USP (furosemide 20 mg per 2 mL solution for injection ampoule) SANDOZ CANADA INCORPORATED",8000057,TRUE
700008,4431,"00527033","FUROSEMIDE INJ USP (furosemide 40 mg per 4 mL solution for injection ampoule) SANDOZ CANADA INCORPORATED",8000057,TRUE
700104,84533,"02360365","FUROSEMIDE INJECTION (furosemide 20 mg per 2 mL solution for injection vial) OMEGA LABORATORIES LTD",8000057,TRUE
700105,84533,"02360365","FUROSEMIDE INJECTION (furosemide 40 mg per 4 mL solution for injection vial) OMEGA LABORATORIES LTD",8000057,TRUE
700106,86837,"02382539","FUROSEMIDE INJECTION SDZ (furosemide 20 mg per 2 mL solution for injection ampoule) SANDOZ CANADA INCORPORATED",8000057,TRUE
700107,86837,"02382539","FUROSEMIDE INJECTION SDZ (furosemide 40 mg per 4 mL solution for injection ampoule) SANDOZ CANADA INCORPORATED",8000057,TRUE
700135,4910,"00565040","FUROSEMIDE INJECTION USP (furosemide 20 mg per 2 mL solution for injection ampoule) HOSPIRA HEALTHCARE CORPORATION",8000057,TRUE
700137,4910,"00565040","FUROSEMIDE INJECTION USP (furosemide 20 mg per 2 mL solution for injection syringe) HOSPIRA HEALTHCARE CORPORATION",8000057,TRUE
700136,4910,"00565040","FUROSEMIDE INJECTION USP (furosemide 40 mg per 4 mL solution for injection ampoule) HOSPIRA HEALTHCARE CORPORATION",8000057,TRUE
700138,4910,"00565040","FUROSEMIDE INJECTION USP (furosemide 40 mg per 4 mL solution for injection syringe) HOSPIRA HEALTHCARE CORPORATION",8000057,TRUE
700123,89112,"02406411","HALOPERIDOL INJECTION, USP (haloperidol 5 mg per 1 mL solution for injection vial) FRESENIUS KABI CANADA LTD",8000084,TRUE
700124,89112,"02406411","HALOPERIDOL INJECTION, USP (haloperidol 50 mg per 10 mL solution for injection vial) FRESENIUS KABI CANADA LTD",8000084,TRUE
700024,16902,"02130300","HALOPERIDOL LA (haloperidol (haloperidol decanoate) 100 mg per 1 mL solution for injection ampoule) SANDOZ CANADA INCORPORATED",8000084,TRUE
700025,16902,"02130300","HALOPERIDOL LA (haloperidol (haloperidol decanoate) 500 mg per 5 mL solution for injection vial) SANDOZ CANADA INCORPORATED",8000084,TRUE
700029,18323,"02145928","HYDROMORPHONE HP 10 (hydromorphone hydrochloride 10 mg per 1 mL solution for injection vial) SANDOZ CANADA INCORPORATED",8000106,TRUE
700031,18323,"02145928","HYDROMORPHONE HP 10 (hydromorphone hydrochloride 100 mg per 10 mL solution for injection vial) SANDOZ CANADA INCORPORATED",8000106,TRUE
700030,18323,"02145928","HYDROMORPHONE HP 10 (hydromorphone hydrochloride 50 mg per 5 mL solution for injection vial) SANDOZ CANADA INCORPORATED",8000106,TRUE
700032,18323,"02145928","HYDROMORPHONE HP 10 (hydromorphone hydrochloride 500 mg per 50 mL solution for injection vial) SANDOZ CANADA INCORPORATED",8000106,TRUE
700038,18325,"02145936","HYDROMORPHONE HP 20 (hydromorphone hydrochloride 100 mg per 5 mL solution for injection vial) SANDOZ CANADA INCORPORATED",8000106,TRUE
700039,18325,"02145936","HYDROMORPHONE HP 20 (hydromorphone hydrochloride 1000 mg per 50 mL solution for injection vial) SANDOZ CANADA INCORPORATED",8000106,TRUE
700037,18325,"02145936","HYDROMORPHONE HP 20 (hydromorphone hydrochloride 20 mg per 1 mL solution for injection vial) SANDOZ CANADA INCORPORATED",8000106,TRUE
700034,18324,"02146126","HYDROMORPHONE HP 50 (hydromorphone hydrochloride 250 mg per 5 mL solution for injection vial) SANDOZ CANADA INCORPORATED",8000106,TRUE
700033,18324,"02146126","HYDROMORPHONE HP 50 (hydromorphone hydrochloride 50 mg per 1 mL solution for injection vial) SANDOZ CANADA INCORPORATED",8000106,TRUE
700036,18324,"02146126","HYDROMORPHONE HP 50 (hydromorphone hydrochloride 50 mg per mL solution for injection 50 mL vial) SANDOZ CANADA INCORPORATED",8000106,TRUE
700035,18324,"02146126","HYDROMORPHONE HP 50 (hydromorphone hydrochloride 500 mg per 10 mL solution for injection vial) SANDOZ CANADA INCORPORATED",8000106,TRUE
700133,94804,"02460610","HYDROMORPHONE HYDROCHLORIDE INJECTION HP 10 (hydromorphone hydrochloride 10 mg per 1 mL solution for injection ampoule) STERIMAX INC",8000106,TRUE
700134,94804,"02460610","HYDROMORPHONE HYDROCHLORIDE INJECTION HP 10 (hydromorphone hydrochloride 100 mg per 10 mL solution for injection ampoule) STERIMAX INC",8000106,TRUE
700108,86845,"02382636","HYDROMORPHONE HYDROCHLORIDE INJECTION USP HP 10 (hydromorphone hydrochloride 10 mg per 1 mL solution for injection vial) HOSPIRA HEALTHCARE CORPORATION",8000106,TRUE
700110,86845,"02382636","HYDROMORPHONE HYDROCHLORIDE INJECTION USP HP 10 (hydromorphone hydrochloride 10 mg per mL solution for injection 50 mL vial) HOSPIRA HEALTHCARE CORPORATION",8000106,TRUE
700109,86845,"02382636","HYDROMORPHONE HYDROCHLORIDE INJECTION USP HP 10 (hydromorphone hydrochloride 50 mg per 5 mL solution for injection vial) HOSPIRA HEALTHCARE CORPORATION",8000106,TRUE
700128,90372,"02419173","JAMP-METHOTREXATE (methotrexate (methotrexate sodium) 1000 mg per 40 mL solution for injection vial) JAMP PHARMA CORPORATION",8000217,TRUE
700127,90372,"02419173","JAMP-METHOTREXATE (methotrexate (methotrexate sodium) 50 mg per 2 mL solution for injection vial) JAMP PHARMA CORPORATION",8000217,TRUE
700023,15481,"01999869","KENALOG-40 INJECTION 40MG/ML (triamcinolone acetonide 200 mg per 5 mL suspension for injection vial) BRISTOL-MYERS SQUIBB CANADA",8000030,TRUE
700022,15481,"01999869","KENALOG-40 INJECTION 40MG/ML (triamcinolone acetonide 40 mg per 1 mL suspension for injection vial) BRISTOL-MYERS SQUIBB CANADA",8000030,TRUE
700088,68945,"02244947","KETOROLAC TROMETHAMINE INJECTION, USP (ketorolac tromethamine 30 mg per 1 mL solution for injection vial) FRESENIUS KABI CANADA LTD",8000169,TRUE
700089,68945,"02244947","KETOROLAC TROMETHAMINE INJECTION, USP (ketorolac tromethamine 60 mg per 2 mL solution for injection vial) FRESENIUS KABI CANADA LTD",8000169,TRUE
700020,14355,"02042479","MARVELON 28 (desogestrel 0.15 mg and ethinyl estradiol 0.03 mg oral tablet with lactose oral tablet) MERCK CANADA INC",8000179,TRUE
700021,14355,"02042479","MARVELON 28 (desogestrel 0.15 mg and ethinyl estradiol 0.03 mg oral tablet) MERCK CANADA INC",8000179,TRUE
700121,88338,"02398427","METHOTREXATE INJECTION USP (methotrexate (methotrexate sodium) 50 mg per 2 mL solution for injection vial) SANDOZ CANADA INCORPORATED",8000217,TRUE
700055,42844,"02182777","METHOTREXATE INJECTION USP (methotrexate (methotrexate sodium) 500 mg per 20 mL solution for injection vial) PFIZER CANADA INC",8000217,TRUE
700122,88338,"02398427","METHOTREXATE INJECTION USP (methotrexate (methotrexate sodium) 500 mg per 20 mL solution for injection vial) SANDOZ CANADA INCORPORATED",8000217,TRUE
700103,81253,"02327236","METHOTREXATE INJECTION, BP (methotrexate 1000 mg per 40 mL solution for injection vial) ACCORD HEALTHCARE INC",8000217,TRUE
700129,90691,"02422204","METHOTREXATE INJECTION, BP (methotrexate 25 mg per 1 mL solution for injection syringe) PHARMASCIENCE INC",8000217,TRUE
700101,81253,"02327236","METHOTREXATE INJECTION, BP (methotrexate 50 mg per 2 mL solution for injection vial) ACCORD HEALTHCARE INC",8000217,TRUE
700102,81253,"02327236","METHOTREXATE INJECTION, BP (methotrexate 500 mg per 20 mL solution for injection vial) ACCORD HEALTHCARE INC",8000217,TRUE
700130,90691,"02422204","METHOTREXATE INJECTION, BP (methotrexate 7.5 mg per 0.3 mL solution for injection syringe) PHARMASCIENCE INC",8000217,TRUE
700177,90222,"02417626","METHOTREXATE INJECTION, USP (methotrexate (methotrexate sodium) 1000 mg per 40 mL solution for injection vial) MYLAN PHARMACEUTICALS ULC",8000217,TRUE
700176,90222,"02417626","METHOTREXATE INJECTION, USP (methotrexate (methotrexate sodium) 50 mg per 2 mL solution for injection vial) MYLAN PHARMACEUTICALS ULC",8000217,TRUE
700049,19681,"02099705","METHOTREXATE SODIUM INJECTION (methotrexate (methotrexate sodium) 1000 mg per 40 mL solution for injection vial) TEVA CANADA LIMITED",8000217,TRUE
700047,19681,"02099705","METHOTREXATE SODIUM INJECTION (methotrexate (methotrexate sodium) 50 mg per 2 mL solution for injection vial) TEVA CANADA LIMITED",8000217,TRUE
700048,19681,"02099705","METHOTREXATE SODIUM INJECTION (methotrexate (methotrexate sodium) 500 mg per 20 mL solution for injection vial) TEVA CANADA LIMITED",8000217,TRUE
700044,19409,"02185431","METOCLOPRAMIDE HYDROCHLORIDE INJECTION (metoclopramide hydrochloride 10 mg per 2 mL solution for injection vial) SANDOZ CANADA INCORPORATED",8000130,TRUE
700046,19409,"02185431","METOCLOPRAMIDE HYDROCHLORIDE INJECTION (metoclopramide hydrochloride 150 mg per 30 mL solution for injection vial) SANDOZ CANADA INCORPORATED",8000130,TRUE
700045,19409,"02185431","METOCLOPRAMIDE HYDROCHLORIDE INJECTION (metoclopramide hydrochloride 50 mg per 10 mL solution for injection vial) SANDOZ CANADA INCORPORATED",8000130,TRUE
700083,67481,"02243563","METOCLOPRAMIDE OMEGA (metoclopramide hydrochloride 10 mg per 2 mL solution for injection vial) OMEGA LABORATORIES LTD",8000130,TRUE
700085,67481,"02243563","METOCLOPRAMIDE OMEGA (metoclopramide hydrochloride 150 mg per 30 mL solution for injection vial) OMEGA LABORATORIES LTD",8000130,TRUE
700084,67481,"02243563","METOCLOPRAMIDE OMEGA (metoclopramide hydrochloride 50 mg per 10 mL solution for injection vial) OMEGA LABORATORIES LTD",8000130,TRUE
700099,80550,"02320037","METOJECT (methotrexate (methotrexate sodium) 10 mg per 1 mL solution for injection syringe) MEDEXUS INC",8000217,TRUE
700100,80551,"02320045","METOJECT (methotrexate (methotrexate sodium) 15 mg per 1.5 mL solution for injection 1.5 mL syringe) MEDEXUS INC",8000217,TRUE
700098,80549,"02320029","METOJECT (methotrexate (methotrexate sodium) 7.5 mg per 0.75 mL solution for injection 0.75 mL syringe) MEDEXUS INC",8000217,TRUE
700016,10871,"00870420","METRONIDAZOLE 5MG/ML INJECTION (metronidazole 1500 mg per 300 mL solution for injection bag) BAXTER CORPORATION",8000038,TRUE
700015,10871,"00870420","METRONIDAZOLE 5MG/ML INJECTION (metronidazole 500 mg per 100 mL solution for injection bag) BAXTER CORPORATION",8000038,TRUE
700125,89491,"02410257","MIRVALA 28 (desogestrel 0.15 mg and ethinyl estradiol 0.03 mg oral tablet with lactose oral tablet) APOTEX INC",8000179,TRUE
700126,89491,"02410257","MIRVALA 28 (desogestrel 0.15 mg and ethinyl estradiol 0.03 mg oral tablet) APOTEX INC",8000179,TRUE
700154,12702,"00869325","MORPHINE EXTRA FORTE INJECTION 50MG/ML USP (morphine sulfate 50 mg per 1 mL solution for injection ampoule) HOSPIRA HEALTHCARE CORPORATION",8000071,TRUE
700155,12702,"00869325","MORPHINE EXTRA FORTE INJECTION 50MG/ML USP (morphine sulfate 50 mg per mL solution for injection 20 mL vial) HOSPIRA HEALTHCARE CORPORATION",8000071,TRUE
700156,12702,"00869325","MORPHINE EXTRA FORTE INJECTION 50MG/ML USP (morphine sulfate 50 mg per mL solution for injection 50 mL vial) HOSPIRA HEALTHCARE CORPORATION",8000071,TRUE
700153,12701,"00869317","MORPHINE FORTE INJECTION 25MG/ML USP (morphine sulfate 100 mg per 4 mL solution for injection ampoule) HOSPIRA HEALTHCARE CORPORATION",8000071,TRUE
700152,12701,"00869317","MORPHINE FORTE INJECTION 25MG/ML USP (morphine sulfate 25 mg per 1 mL solution for injection ampoule) HOSPIRA HEALTHCARE CORPORATION",8000071,TRUE
700143,6690,"00676411","MORPHINE HP 25 - 25MG/ML (morphine sulfate 100 mg per 4 mL solution for injection ampoule) SANDOZ CANADA INCORPORATED",8000071,TRUE
700142,6690,"00676411","MORPHINE HP 25 - 25MG/ML (morphine sulfate 25 mg per 1 mL solution for injection ampoule) SANDOZ CANADA INCORPORATED",8000071,TRUE
700010,7421,"00617288","MORPHINE HP 50 - 50MG/ML USP (morphine sulfate 250 mg per 5 mL solution for injection vial) SANDOZ CANADA INCORPORATED",8000071,TRUE
700009,7421,"00617288","MORPHINE HP 50 - 50MG/ML USP (morphine sulfate 50 mg per 1 mL solution for injection vial) SANDOZ CANADA INCORPORATED",8000071,TRUE
700012,7421,"00617288","MORPHINE HP 50 - 50MG/ML USP (morphine sulfate 50 mg per mL solution for injection 50 mL vial) SANDOZ CANADA INCORPORATED",8000071,TRUE
700011,7421,"00617288","MORPHINE HP 50 - 50MG/ML USP (morphine sulfate 500 mg per 10 mL solution for injection vial) SANDOZ CANADA INCORPORATED",8000071,TRUE
700018,13966,"02021056","MORPHINE LP EPIDURAL (morphine sulfate 5 mg per 10 mL solution for injection ampoule) SANDOZ CANADA INCORPORATED",8000071,TRUE
700019,14020,"02021048","MORPHINE LP EPIDURAL (morphine sulfate 5 mg per 5 mL solution for injection ampoule) SANDOZ CANADA INCORPORATED",8000071,TRUE
700161,13077,"01980696","MORPHINE SULFATE INJ 1MG/ML USP (morphine sulfate 1 mg per mL solution for injection 50 mL vial) SANDOZ CANADA INCORPORATED",8000071,TRUE
700160,13077,"01980696","MORPHINE SULFATE INJ 1MG/ML USP (morphine sulfate 10 mg per 10 mL solution for injection vial) SANDOZ CANADA INCORPORATED",8000071,TRUE
700159,13077,"01980696","MORPHINE SULFATE INJ 1MG/ML USP (morphine sulfate 5 mg per 5 mL solution for injection vial) SANDOZ CANADA INCORPORATED",8000071,TRUE
700162,13078,"01964437","MORPHINE SULFATE INJ 2MG/ML USP (morphine sulfate 2 mg per 1 mL solution for injection vial) SANDOZ CANADA INCORPORATED",8000071,TRUE
700163,13078,"01964437","MORPHINE SULFATE INJ 2MG/ML USP (morphine sulfate 2 mg per mL solution for injection 50 mL vial) SANDOZ CANADA INCORPORATED",8000071,TRUE
700111,86878,"02382997","MORPHINE SULFATE INJECTION SDZ (morphine sulfate 10 mg per 1 mL solution for injection ampoule) SANDOZ CANADA INCORPORATED",8000071,TRUE
700112,86878,"02382997","MORPHINE SULFATE INJECTION SDZ (morphine sulfate 50 mg per 5 mL solution for injection ampoule) SANDOZ CANADA INCORPORATED",8000071,TRUE
700166,31285,"02137232","MORPHINE SULPHATE INJECTION 1MG/ML (morphine sulfate 1 mg per mL solution for injection 50 mL vial) HOSPIRA HEALTHCARE CORPORATION",8000071,TRUE
700165,31285,"02137232","MORPHINE SULPHATE INJECTION 1MG/ML (morphine sulfate 5 mg per 5 mL solution for injection vial) HOSPIRA HEALTHCARE CORPORATION",8000071,TRUE
700073,62586,"02239131","MYLAN-IPRATROPIUM SOLUTION (ipratropium bromide 0.25 mg per 1 mL inhalation solution unit dose vial) MYLAN PHARMACEUTICALS ULC",8000202,TRUE
700072,62586,"02239131","MYLAN-IPRATROPIUM SOLUTION (ipratropium bromide 0.25 mg per mL inhalation solution 20 mL bottle) MYLAN PHARMACEUTICALS ULC",8000202,TRUE
700074,62586,"02239131","MYLAN-IPRATROPIUM SOLUTION (ipratropium bromide 0.5 mg per 2 mL inhalation solution unit dose vial) MYLAN PHARMACEUTICALS ULC",8000202,TRUE
700150,12697,"00497304","PHENYTOIN SODIUM INJ 50MG/ML USP (phenytoin sodium 100 mg per 2 mL solution for injection ampoule) HOSPIRA HEALTHCARE CORPORATION",8000004,TRUE
700151,12697,"00497304","PHENYTOIN SODIUM INJ 50MG/ML USP (phenytoin sodium 250 mg per 5 mL solution for injection ampoule) HOSPIRA HEALTHCARE CORPORATION",8000004,TRUE
700013,9398,"00780626","PHENYTOIN SODIUM INJECTION USP (phenytoin sodium 100 mg per 2 mL solution for injection ampoule) SANDOZ CANADA INCORPORATED",8000004,TRUE
700014,9398,"00780626","PHENYTOIN SODIUM INJECTION USP (phenytoin sodium 250 mg per 5 mL solution for injection ampoule) SANDOZ CANADA INCORPORATED",8000004,TRUE
700131,91579,"02431378","PHENYTOIN SODIUM INJECTION, USP (phenytoin sodium 100 mg per 2 mL solution for injection vial) STERIMAX INC",8000004,TRUE
700132,91579,"02431378","PHENYTOIN SODIUM INJECTION, USP (phenytoin sodium 250 mg per 5 mL solution for injection vial) STERIMAX INC",8000004,TRUE
700167,49967,"02230708","PMS-HALOPERIDOL-LA (haloperidol (haloperidol decanoate) 100 mg per 1 mL solution for injection vial) PHARMASCIENCE INC",8000084,TRUE
700168,49967,"02230708","PMS-HALOPERIDOL-LA (haloperidol (haloperidol decanoate) 500 mg per 5 mL solution for injection vial) PHARMASCIENCE INC",8000084,TRUE
700050,19798,"02097168","RATIO-IPRATROPIUM UDV (ipratropium bromide 250 mcg per 1 mL inhalation solution unit dose vial) TEVA CANADA LIMITED",8000202,TRUE
700051,19798,"02097168","RATIO-IPRATROPIUM UDV (ipratropium bromide 500 mcg per 2 mL inhalation solution unit dose vial) TEVA CANADA LIMITED",8000202,TRUE
700174,90216,"02417464","RECLIPSEN 28 (desogestrel 0.15 mg and ethinyl estradiol 0.03 mg oral tablet with lactose oral tablet) ACTAVIS PHARMA COMPANY",8000179,TRUE
700175,90216,"02417464","RECLIPSEN 28 (desogestrel 0.15 mg and ethinyl estradiol 0.03 mg oral tablet) ACTAVIS PHARMA COMPANY",8000179,TRUE
700056,43176,"02216221","TEVA-IPRATROPIUM STERINEBS (ipratropium bromide 0.025 % per 1 mL inhalation solution unit dose vial) TEVA CANADA LIMITED",8000202,TRUE
700057,43176,"02216221","TEVA-IPRATROPIUM STERINEBS (ipratropium bromide 0.05 % per 2 mL inhalation solution unit dose vial) TEVA CANADA LIMITED",8000202,TRUE
700157,13063,"00498335","TREMYTOINE INJ 50MG/ML (phenytoin sodium 100 mg per 2 mL solution for injection vial) OMEGA LABORATORIES LTD",8000004,TRUE
700158,13063,"00498335","TREMYTOINE INJ 50MG/ML (phenytoin sodium 250 mg per 5 mL solution for injection vial) OMEGA LABORATORIES LTD",8000004,TRUE
700028,17234,"00839299","VERAPAMIL HYDROCHLORIDE INJECTION USP (verapamil hydrochloride 10 mg per 4 mL solution for injection ampoule) PFIZER CANADA INC",8000124,TRUE
700027,17234,"00839299","VERAPAMIL HYDROCHLORIDE INJECTION USP (verapamil hydrochloride 10 mg per 4 mL solution for injection vial) PFIZER CANADA INC",8000124,TRUE
700026,17234,"00839299","VERAPAMIL HYDROCHLORIDE INJECTION USP (verapamil hydrochloride 5 mg per 2 mL solution for injection vial) PFIZER CANADA INC",8000124,TRUE
700017,12718,"01938894","VICKS PEDIATRIC FORMULA 44M LIQ (chlorpheniramine maleate 2 mg per 15 mL and dextromethorphan hydrobromide 15 mg per 15 mL and pseudoephedrine hydrochloride 30 mg per 15 mL oral liquid) PROCTER & GAMBLE INC",NA,FALSE
700164,22312,"01938894","VICKS PEDIATRIC FORMULA 44M LIQ (chlorpheniramine maleate 2 mg per 15 mL and dextromethorphan hydrobromide 15 mg per 15 mL and pseudoephedrine hydrochloride 30 mg per 15 mL oral liquid) PROCTER & GAMBLE INC",NA,FALSE
