tm_code,tm_formal_name,tm_status,tm_status_effective_time
"8000954","amlodipine and atorvastatin","Active","20051223"
"8001168","adefovir","Active","20060418"
"8001466","fexofenadine","Active","19970710"
"8001742","deferoxamine","Active","19921231"
"8000240","topiramate","Active","19970325"
"8000852","sodium citrate","Active","19901231"
"8001787","gemcitabine","Active","20090716"
"8001174","caspofungin","Active","20010823"
"8001517","ribavirin","Active","19961205"
"8000162","dextroamphetamine","Active","19921231"
"8001296","nicotinic acid","Inactive","20190722"
"8000861","acetylsalicylic acid and codeine and methocarbamol","Active","19921231"
"8001550","acetylcholine","Active","19960814"
"8001322","acetaminophen and chlorpheniramine and dextromethorphan and pseudoephedrine","Active","19951231"
"8001132","nusinersen","Active","20170829"
"8001230","saquinavir","Active","19961231"
"8002075","polyvinyl alcohol and povidone and tetrahydrozoline","Active","20080326"
"8000313","alfuzosin","Active","20020221"
"8002386","tildrakizumab","Active","20210804"
"8002013","bictegravir and emtricitabine and tenofovir alafenamide","Active","20180808"
"8000829","benzoyl peroxide","Active","19821231"
"8001738","dactinomycin","Active","19631231"
"8000153","amlodipine","Active","19921231"
"8002255","dacomitinib","Active","20190422"
"8000387","lisdexamfetamine","Active","20090804"
"8001614","cetuximab","Active","20081028"
"8000962","acetaminophen and menthol","Active","20060809"
"8002153","polyethylene glycol 400 and propylene glycol","Active","20040408"
"8001541","trimeprazine","Active","19591231"
"8001381","flecainide","Active","20060508"
"8001919","regorafenib","Active","20130402"
"8001574","axitinib","Active","20120817"
"8001130","lixisenatide","Active","20170912"
"8001160","vernakalant","Active","20180123"
"8001666","loxapine","Active","19970613"
"8001885","adenosine","Active","19941231"
"8001554","agalsidase beta","Active","20040408"
"8000326","ezetimibe","Active","20030615"
"8001419","riluzole","Active","20001026"
"8000021","conjugated estrogens","Active","19631231"
"8001672","nelarabine","Active","20080117"
"8000142","simvastatin","Active","19901231"
"8001057","cefadroxil","Active","19990602"
"8002228","iron dextran","Inactive","20200813"
"8000869","acetaminophen and methocarbamol","Active","19931231"
"8000109","lorazepam","Active","19851231"
"8000172","cholecalciferol","Active","19921231"
"8000006","testosterone","Active","19531231"
"8000229","hydrochlorothiazide and losartan","Active","19961122"
"8000300","candesartan and hydrochlorothiazide","Active","20010626"
"8001179","ceftazidime","Active","19911231"
"8000236","pantoprazole","Active","19970305"
"8001716","carglumic acid","Active","20150908"
"8001750","dimethicone and petrolatum","Inactive","20170126"
"8000107","procyclidine","Inactive","20181031"
"8002362","fostamatinib","Active","20201210"
"8001162","abacavir","Active","19990609"
"8002302","galcanezumab","Active","20191002"
"8000047","colchicine","Active","19741231"
"8002225","amphetamine mixed salts","Active","20040130"
"8001222","piperacillin","Inactive","20190401"
"8001804","idelalisib","Active","20150421"
"8000090","bromazepam","Active","19811231"
"8000044","nitroglycerin","Active","19721231"
"8001157","sofosbuvir and velpatasvir","Active","20160802"
"8001658","gemfibrozil","Active","19951231"
"8000791","betamethasone dipropionate","Active","19751231"
"8001660","halobetasol","Active","19931231"
"8001822","ixazomib","Active","20160921"
"8001601","bupivacaine and epinephrine","Active","19941231"
"8000014","prednisone","Active","19591231"
"8001402","midodrine","Active","20060613"
"8001624","danazol","Active","19721231"
"8001691","allantoin and chloroxylenol","Active","19960722"
"8002056","pegaspargase","Active","20170601"
"8002230","iron sucrose","Active","20010605"
"8000795","acetylsalicylic acid","Active","19511231"
"8002385","solriamfetol","Active","20210803"
"8000372","buprenorphine and naloxone","Active","20071126"
"8001875","prilocaine","Active","20151223"
"8000917","estradiol and norethindrone","Active","20000525"
"8002090","aluminum hydroxide and dimethicone and magnesium hydroxide","Active","19891231"
"8002028","ketamine","Active","19721231"
"8002118","dimethyl sulfoxide","Active","19801231"
"8002370","decitabine","Active","20210324"
"8001846","manganese sulfate","Active","19921231"
"8000798","clioquinol and hydrocortisone","Active","19571231"
"8000902","formoterol","Active","19970708"
"8001573","auranofin","Active","19931231"
"8002326","gemtuzumab ozogamicin","Active","20200311"
"8001080","eprosartan and hydrochlorothiazide","Active","20040706"
"8001748","dimethicone and menthol","Inactive","20170605"
"8001591","bleomycin","Active","19980312"
"8001100","brinzolamide","Active","19981111"
"8002104","chlorobutanol and dichlorobenzene and oil of turpentine and peanut oil","Inactive","20210713"
"8002082","protamine","Active","19891231"
"8002050","pamabrom","Active","20010312"
"8002328","tafamidis","Active","20200407"
"8001717","carmustine","Active","19751231"
"8001972","tranexamic acid","Active","19951231"
"8001124","mirabegron","Active","20130328"
"8001906","eltrombopag","Active","20110401"
"8000369","tramadol","Active","20061207"
"8001228","rilpivirine","Active","20110831"
"8001299","permethrin","Active","19881231"
"8001260","desonide","Active","19961111"
"8001397","linagliptin","Active","20110913"
"8001257","dapagliflozin and metformin","Active","20160208"
"8002313","proparacaine","Active","19711231"
"8001980","trolamine salicylate","Active","19841231"
"8002339","indacaterol and mometasone","Active","20200819"
"8001163","abacavir and dolutegravir and lamivudine","Active","20141022"
"8001404","naltrexone","Active","19971023"
"8000348","pregabalin","Active","20050718"
"8000206","perindopril","Active","19941231"
"8002224","phospholipid and surfactant-associated proteins sp-b and sp-c","Active","20020205"
"8000789","tapentadol","Active","20120320"
"8001395","isoniazid","Active","19841231"
"8001159","triamcinolone diacetate","Inactive","20170803"
"8001756","docosanol","Active","20050815"
"8000249","valsartan","Active","19971215"
"8001585","betaine","Active","19980811"
"8001960","thalidomide","Active","20101101"
"8000254","venlafaxine","Active","19980304"
"8001144","apomorphine","Active","20170907"
"8002146","mineral oil light","Active","19511231"
"8001810","ingenol mebutate","Inactive","20201014"
"8000905","salmeterol","Active","19980211"
"8001802","idarubicin","Active","20141104"
"8001118","dexmedetomidine","Active","20100224"
"8001752","dimethicone and zinc oxide","Active","20090520"
"8001329","acetaminophen and dextromethorphan and doxylamine and guaifenesin and pseudoephedrine","Active","20121210"
"8000135","clonidine","Active","19901231"
"8001357","chlorpromazine","Active","19671231"
"8000898","dibucaine and esculin and framycetin and hydrocortisone","Active","19961230"
"8001877","sevelamer","Active","20011121"
"8002256","dinutuximab","Active","20190501"
"8001937","sinecatechins","Active","20140704"
"8001706","bismuth subsalicylate and calcium carbonate","Active","20000218"
"8001881","white petrolatum and zinc oxide","Active","19991106"
"8001474","flurbiprofen","Active","19911231"
"8002076","pomalidomide","Active","20140224"
"8001715","cantharidin and podophyllin and salicylic acid","Active","19841231"
"8001890","benoxinate and fluorescein","Inactive","20190801"
"8000837","acetaminophen and caffeine","Active","19861231"
"8001428","acetazolamide","Active","19821231"
"8001828","lapatinib","Active","20090605"
"8002035","nintedanib","Active","20150629"
"8001214","maraviroc","Active","20070926"
"8001770","estramustine","Inactive","20200430"
"8002267","suvorexant","Active","20190418"
"8002351","tenapanor","Active","20201123"
"8001479","gatifloxacin","Active","20040927"
"8002377","risdiplam","Active","20210519"
"8002080","procarbazine","Active","19701231"
"8001857","methylnaltrexone","Active","20080507"
"8001256","dapagliflozin","Active","20150116"
"8000284","hydrochlorothiazide and irbesartan","Active","20000316"
"8000398","esomeprazole and naproxen","Active","20110204"
"8000250","trandolapril","Active","19980107"
"8001800","ibrutinib","Active","20141119"
"8002331","brolucizumab","Active","20200515"
"8001185","darunavir","Active","20090317"
"8001632","dihydroergotamine","Active","19461231"
"8000892","sodium citrate and sodium lauryl sulfoacetate and sorbitol","Active","19951231"
"8000785","belladonna and opium","Inactive","20210720"
"8001665","liothyronine","Active","19931231"
"8002296","interferon beta-1a (peginterferon beta-1a)","Active","20150925"
"8001945","sorafenib","Active","20060731"
"8002325","entrectinib","Active","20200304"
"8000030","triamcinolone acetonide","Active","19661231"
"8000230","ciclopirox","Active","19961203"
"8001263","doxepin","Active","19701231"
"8000287","rivastigmine","Active","20000515"
"8001204","fosamprenavir","Active","20041222"
"8000147","clozapine","Active","19911231"
"8002127","glycerin and propylene glycol","Active","20041201"
"8000217","methotrexate","Active","19951231"
"8001508","piroxicam","Active","19861231"
"8001077","cromolyn","Active","19811231"
"8001634","dinoprost","Inactive","20180930"
"8000383","olmesartan","Active","20081222"
"8000805","acetylsalicylic acid and butalbital and caffeine and codeine","Active","19701231"
"8002358","polatuzumab vedotin","Active","20201125"
"8001035","acetaminophen and guaifenesin and phenylephrine","Active","20060831"
"8001975","treprostinil","Active","20040430"
"8001477","follitropin delta","Active","20180523"
"8001959","tetrahydrozoline and zinc sulfate","Active","19961231"
"8002308","mineral oil heavy and urea","Inactive","20200814"
"8001719","cetrorelix","Active","20040303"
"8001211","lamivudine and zidovudine","Active","19981208"
"8001839","lidocaine and methylprednisolone acetate","Active","19731231"
"8001367","desloratadine and pseudoephedrine","Active","20100201"
"8000224","azithromycin","Active","19960926"
"8000079","oxazepam","Active","19791231"
"8001225","raltitrexed","Active","19961118"
"8001267","etidronate","Active","20041110"
"8001359","cimetidine","Active","19821231"
"8002374","fedratinib","Active","20210520"
"8001646","erlotinib","Active","20050719"
"8002366","trientine","Active","20201110"
"8002036","norepinephrine","Active","19911231"
"8001732","clofarabine","Active","20100210"
"8000148","mometasone","Active","19911231"
"8000985","amlodipine and telmisartan","Active","20110811"
"8002333","esketamine","Active","20200611"
"8001480","glimepiride","Active","20020312"
"8000106","hydromorphone","Active","19841231"
"8001751","dimethicone and white petrolatum","Active","20160108"
"8000793","triamcinolone hexacetonide","Active","19970120"
"8002243","incobotulinumtoxinA","Active","20090721"
"8002322","sucroferric oxyhydroxide","Active","20191120"
"8001871","potassium citrate","Active","19950101"
"8002319","damoctocog alfa pegol","Active","20200127"
"8001886","antazoline and naphazoline","Active","20090209"
"8001155","roflumilast","Active","20101230"
"8001042","hydrochlorothiazide and methyldopa","Inactive","20190504"
"8002310","patiromer","Active","20191127"
"8001786","gefitinib","Active","20031217"
"8001016","canagliflozin and metformin","Active","20160628"
"8001499","mexiletine","Active","19970217"
"8000933","latanoprost and timolol","Active","20021024"
"8000806","acetylsalicylic acid and caffeine and codeine","Inactive","20210429"
"8001425","ziprasidone","Active","20080104"
"8001166","acetaminophen and diphenhydramine","Active","20121002"
"8001548","abatacept","Active","20060808"
"8000967","carbidopa and entacapone and levodopa","Active","20080428"
"8001243","alirocumab","Active","20160429"
"8001266","etanercept","Active","20010314"
"8001618","clofedanol","Active","19621231"
"8000328","levetiracetam","Active","20030723"
"8000267","citalopram","Active","19990308"
"8000792","betamethasone valerate","Active","19791231"
"8002057","filgrastim (pegfilgrastim)","Active","20040312"
"8000118","enalapril","Active","19871231"
"8001351","chlordiazepoxide and clidinium","Active","19611231"
"8000827","tobramycin","Active","19811231"
"8001107","midazolam","Active","19990721"
"8001410","pamidronate","Active","20010831"
"8001342","benserazide and levodopa","Active","19771231"
"8000778","hydrocodone and phenyltoloxamine","Inactive","20200129"
"8000119","ethinyl estradiol and levonorgestrel","Active","19871231"
"8002062","pentosan polysulfate sodium","Active","19931231"
"8002006","acetaminophen and pamabrom and pyrilamine","Active","19990622"
"8002253","cemiplimab","Active","20190524"
"8001628","denosumab","Active","20100812"
"8001675","nitisinone","Active","20161020"
"8001695","antipyrine and benzocaine","Active","20110228"
"8001338","acetaminophen and pseudoephedrine","Active","19921231"
"8001444","ceftobiprole","Active","20180320"
"8001729","cisplatin","Active","19970509"
"8002015","brodalumab","Active","20180705"
"8001654","flutamide","Active","19981008"
"8002037","obeticholic acid","Active","20170526"
"8001930","sarilumab","Active","20170208"
"8000926","brompheniramine and codeine and guaifenesin and phenylephrine","Active","20010928"
"8001365","cyproheptadine","Active","19961016"
"8000205","minocycline","Active","19941231"
"8000085","indomethacin","Active","19801231"
"8001333","acetaminophen and dextromethorphan and guaifenesin and pseudoephedrine","Active","19970806"
"8001676","nivolumab","Active","20151023"
"8001934","selexipag","Active","20160421"
"8002044","oxcarbazepine","Active","20020401"
"8000279","fluticasone and salmeterol","Active","19990924"
"8002284","nonacog beta pegol","Active","20180323"
"8001464","etodolac","Inactive","20200724"
"8002091","aluminum hydroxide and magnesium hydroxide and simethicone","Active","19631231"
"8001429","acetylcysteine","Active","20010427"
"8001762","epinephrine and lidocaine","Active","19541231"
"8000092","hydrochlorothiazide and triamterene","Active","19811231"
"8001958","tetrahydrozoline","Active","19601231"
"8001391","insulin human","Active","19831231"
"8002303","sodium zirconium cyclosilicate","Active","20191017"
"8000221","valproic acid (base)","Active","19951231"
"8001838","lidocaine and menthol","Active","20090505"
"8000836","prazosin","Active","19831231"
"8000049","ethinyl estradiol and norethindrone","Active","19741231"
"8001298","paliperidone","Active","20071002"
"8002261","lorlatinib","Active","20190422"
"8000005","phenytoin (base)","Active","19521231"
"8000774","acetylsalicylic acid and oxycodone","Active","19841231"
"8002078","poractant alfa","Active","20161219"
"8000866","mupirocin","Active","19990413"
"8001148","dupilumab","Active","20180206"
"8002332","caffeine","Active","20200713"
"8001328","acetaminophen and dextromethorphan and doxylamine","Active","20060626"
"8002380","dextromethorphan and doxylamine and phenylephrine","Active","20210719"
"8000782","meperidine","Active","19441231"
"8001929","sapropterin","Active","20100705"
"8001033","doxylamine","Inactive","20210728"
"8002222","carboxymethylcellulose and glycerin","Active","20150515"
"8001470","fluorometholone (base)","Active","19721231"
"8001766","epoprostenol","Active","19970728"
"8001852","methacholine","Active","19990401"
"8001536","ticlopidine","Inactive","20200724"
"8001895","cetylpyridinium","Active","19841231"
"8000909","cilazapril and hydrochlorothiazide","Active","19990401"
"8001288","memantine","Active","20041216"
"8000196","cyclobenzaprine","Active","19941231"
"8002348","cedazuridine and decitabine","Active","20201111"
"8000027","azathioprine","Active","19661231"
"8000895","esmolol","Active","19960816"
"8001473","fluphenazine","Active","19771231"
"8002227","choriogonadotropin alfa","Active","20041220"
"8002093","amylmetacresol and dichlorobenzyl alcohol","Active","20120719"
"8001921","rifaximin","Active","20131107"
"8000253","pramipexole","Active","19980226"
"8002221","carboxymethylcellulose and gelatin and pectin","Active","19951231"
"8002012","benzocaine and butamben and tetracaine","Active","19960919"
"8000908","fusidic acid and hydrocortisone","Active","19981111"
"8001539","trifluridine","Active","19871231"
"8002363","lemborexant","Active","20201106"
"8002042","osimertinib","Active","20160719"
"8000379","rivaroxaban","Active","20080916"
"8001965","tizanidine","Active","20041117"
"8001200","ertapenem","Active","20030827"
"8002155","potassium phosphate monobasic","Active","19871231"
"8002021","elagolix","Active","20181030"
"8001504","perphenazine","Active","19761231"
"8001373","dextromethorphan and pseudoephedrine","Active","19921231"
"8002206","mineral oil heavy and petrolatum","Active","19941231"
"8000038","metronidazole","Active","19701231"
"8001389","insulin degludec and liraglutide","Active","20180606"
"8001916","pyridoxine","Active","20020601"
"8000956","acetaminophen and doxylamine and phenylephrine","Active","20060611"
"8000835","hydrochlorothiazide and pindolol","Active","19831231"
"8001867","petrolatum and zinc oxide","Inactive","20180531"
"8001339","alfacalcidol","Active","19801231"
"8001398","mebendazole","Active","19821231"
"8001003","acyclovir and hydrocortisone","Active","20130726"
"8001304","sucralfate","Active","19931231"
"8001892","betamethasone valerate and fusidic acid","Active","20181003"
"8002046","oxytocin","Active","19811231"
"8000063","metoprolol","Active","19771231"
"8002103","cetrimide and lidocaine","Active","19811231"
"8001488","lincomycin","Inactive","20160506"
"8002084","pyrantel","Active","19731231"
"8001528","sulfasalazine","Active","19841231"
"8001513","propiverine","Active","20170413"
"8000024","amitriptyline","Active","19651231"
"8001964","tirofiban","Active","20020501"
"8001529","sulindac","Active","19881231"
"8002233","C1 esterase inhibitor human","Active","20101006"
"8000953","guaifenesin and menthol","Active","20050930"
"8002283","nonacog alfa","Active","20070414"
"8002151","pancrelipase","Active","19731231"
"8000291","moxifloxacin","Active","20001020"
"8002040","octreotide","Active","19891231"
"8001576","basiliximab","Active","20001023"
"8001882","zinc sulfate","Active","19921231"
"8001534","thioguanine","Active","19741231"
"8001655","fondaparinux","Active","20020719"
"8002341","cabotegravir","Active","20200921"
"8001505","phenelzine","Active","19811231"
"8002169","anti-inhibitor coagulant complex","Active","19971027"
"8002188","doravirine","Active","20181114"
"8001605","calcitonin salmon","Active","19831231"
"8001904","dimethyl fumarate","Active","20130412"
"8002271","methimazole","Active","19511231"
"8000843","acetaminophen and phenylephrine","Active","19891231"
"8001948","sugammadex","Active","20160219"
"8000298","mirtazapine","Active","20010524"
"8002168","alpha tocopherol and retinol","Inactive","20190723"
"8001973","trastuzumab","Active","19990823"
"8001568","apremilast","Active","20141127"
"8000073","amoxicillin","Active","19791231"
"8002369","dalbavancin","Active","20210528"
"8001437","atovaquone and proguanil","Active","19980807"
"8001431","alprostadil","Active","19821231"
"8001125","linaclotide","Active","20140429"
"8000780","brompheniramine and guaifenesin and hydrocodone and phenylephrine","Active","20010906"
"8001625","darbepoetin alfa","Active","20130816"
"8001489","linezolid","Active","20010406"
"8001293","nadroparin","Active","19980205"
"8000891","naloxone","Active","19951231"
"8000046","allopurinol","Active","19741231"
"8000128","fluoxetine","Active","19891231"
"8001178","cefoxitin","Active","19951231"
"8001070","aclidinium","Active","20130913"
"8001337","acetaminophen and doxylamine and pseudoephedrine","Active","20030307"
"8001537","tipiracil and trifluridine","Active","20180322"
"8000930","budesonide and formoterol","Active","20020208"
"8000982","formoterol and mometasone","Active","20110310"
"8001652","febuxostat","Active","20100930"
"8000132","salbutamol","Active","19921231"
"8001332","acetaminophen and dextromethorphan and guaifenesin and phenylephrine","Active","20070306"
"8001983","ustekinumab","Active","20090105"
"8001678","penicillamine","Active","19641231"
"8001060","omalizumab","Active","20050203"
"8002149","nonacog gamma","Active","20170418"
"8002321","prabotulinumtoxinA","Active","20191016"
"8002001","vorinostat","Active","20090629"
"8000163","doxazosin","Active","19921231"
"8001486","ivermectin","Active","20150525"
"8001720","chlorhexidine and lidocaine","Active","20071206"
"8002216","amylmetacresol and dichlorobenzyl alcohol and levomenthol","Active","20120719"
"8000203","isosorbide mononitrate","Active","19941231"
"8001020","mifepristone and misoprostol","Active","20170110"
"8001418","quinagolide","Active","20041229"
"8001490","lodoxamide","Active","19921231"
"8002285","octacog alfa","Active","20061006"
"8000018","medroxyprogesterone","Active","19601231"
"8000873","bumetanide","Active","19931231"
"8001979","triptorelin","Active","20051215"
"8001790","golimumab","Active","20090622"
"8001165","abacavir and lamivudine and zidovudine","Inactive","20191121"
"8000975","aliskiren and hydrochlorothiazide","Inactive","20200211"
"8001797","hydrocortisone and pramoxine","Active","19791231"
"8000235","atorvastatin","Active","19970305"
"8000947","levofloxacin","Active","20041130"
"8001483","hyprolose","Active","20040525"
"8001142","guselkumab","Active","20171127"
"8001438","azelastine and fluticasone","Active","20150331"
"8001417","propafenone","Active","19881231"
"8000779","alcohol anhydrous and doxylamine and etafedrin and hydrocodone and sodium citrate","Active","19831231"
"8001161","vilazodone","Active","20180131"
"8001262","dipyridamole","Active","19861231"
"8001735","corbadrine and mepivacaine","Active","19771231"
"8001590","bilastine","Active","20161202"
"8001461","ertugliflozin and sitagliptin","Inactive","20210203"
"8001888","articaine and epinephrine","Active","19931231"
"8002281","fibrinogen human","Active","20130131"
"8001516","pyridostigmine","Active","19901231"
"8001771","ethinyl estradiol and ethynodiol","Inactive","20190704"
"8001806","ifosfamide","Active","20010125"
"8000237","cetirizine","Active","19970306"
"8000061","clonazepam","Active","19771231"
"8000315","bimatoprost","Active","20020524"
"8002053","paromomycin","Active","19941231"
"8002257","enasidenib","Active","20190227"
"8001198","emtricitabine and tenofovir disoproxil","Active","20060406"
"8001552","aflibercept","Active","20131223"
"8001718","certolizumab pegol","Active","20090831"
"8001889","bazedoxifene and conjugated estrogens","Inactive","20210519"
"8001509","polidocanol","Inactive","20200228"
"8000809","chlorhexidine","Active","19891231"
"8000289","pioglitazone","Active","20000828"
"8002346","satralizumab","Active","20200826"
"8002223","carboxymethylcellulose and glycerin and polysorbate 80","Active","20130306"
"8002202","lanolin and mineral oil heavy and white petrolatum","Active","20160301"
"8000233","valacyclovir","Active","19961231"
"8001595","brentuximab vedotin","Active","20130219"
"8001788","glatiramer","Active","20020501"
"8000154","amoxicillin and clavulanic acid","Active","19921231"
"8001221","penicillin G benzathine","Active","20080611"
"8001156","sofosbuvir","Active","20140106"
"8000368","hydrochlorothiazide and ramipril","Active","20061116"
"8001833","leucovorin","Active","19941231"
"8001291","methylprednisolone acetate","Active","19601231"
"8001782","follitropin alfa and lutropin alfa","Inactive","20190704"
"8000886","acetylsalicylic acid and citric acid and sodium bicarbonate","Active","19951231"
"8001866","petrolatum","Active","20100604"
"8001384","frovatriptan","Active","20080104"
"8001440","benralizumab","Active","20180328"
"8001872","pramoxine and zinc acetate","Active","20030402"
"8001110","almotriptan","Active","20031208"
"8001116","granisetron","Active","20090220"
"8002239","bacitracin and polymyxin B","Active","19871231"
"8002148","naloxegol","Active","20150827"
"8001918","rasburicase","Active","20040921"
"8001597","brexpiprazole","Active","20170419"
"8001647","estrone","Active","19871231"
"8001206","gentamicin","Active","19951231"
"8000050","nitrofurantoin","Active","19741231"
"8001850","mercaptopurine","Active","19541231"
"8001406","nizatidine","Active","19881231"
"8001565","anagrelide","Active","19980106"
"8001551","afatinib","Active","20140117"
"8000378","dabigatran","Active","20080703"
"8001707","calamine and diphenhydramine","Active","19811231"
"8000870","acetylsalicylic acid and caffeine","Active","19931231"
"8001860","mitomycin","Active","19971022"
"8001092","nitrazepam","Active","19801231"
"8000181","domperidone","Active","19931231"
"8001414","pizotifen","Active","19801231"
"8001827","lanthanum","Active","20061206"
"8000988","dutasteride and tamsulosin","Active","20111117"
"8001068","ampicillin","Active","19711231"
"8001512","promethazine","Active","19821231"
"8000226","olanzapine","Active","19961104"
"8001460","ertugliflozin and metformin","Inactive","20210203"
"8001348","cetirizine and pseudoephedrine","Active","20030307"
"8000394","dexlansoprazole","Active","20100805"
"8000343","ethinyl estradiol and etonogestrel","Active","20041202"
"8001140","letermovir","Active","20171220"
"8000130","metoclopramide","Active","19891231"
"8000166","finasteride","Active","19921231"
"8001607","capecitabine","Active","19980910"
"8001379","enoxaparin","Active","19931231"
"8001199","entecavir","Active","20060912"
"8001690","abciximab","Inactive","20180614"
"8000015","spironolactone","Active","19591231"
"8000131","omeprazole","Active","19891231"
"8001217","nelfinavir","Active","19980921"
"8001950","sunitinib","Active","20060622"
"8001471","fluorometholone acetate","Active","19871231"
"8001635","dinoprostone","Active","19771231"
"8001182","daclatasvir","Inactive","20191203"
"8002081","propofol","Active","19931231"
"8001424","vancomycin","Active","19891231"
"8001593","bortezomib","Active","20050201"
"8000812","hydrocortisone and zinc sulfate","Active","19751231"
"8000029","quinine sulfate","Active","19661231"
"8002051","panitumumab","Active","20080527"
"8000097","indapamide","Active","19821231"
"8000117","doxycycline","Active","19871231"
"8001181","colistin","Active","19741231"
"8001094","theophylline","Active","19791231"
"8002375","givosiran","Active","20201201"
"8001575","azacitidine","Active","20100104"
"8001633","dimethicone","Active","20020601"
"8001496","megestrol","Active","19951231"
"8001811","insulin glargine and lixisenatide","Active","20180912"
"8000314","rabeprazole","Active","20020402"
"8002297","larotrectinib","Active","20190904"
"8001184","daptomycin","Active","20071203"
"8001749","dimethicone and menthol and pramoxine","Active","20090305"
"8001413","piperacillin and tazobactam","Active","20071105"
"8002373","elexacaftor and ivacaftor and tezacaftor","Active","20210622"
"8001981","trypan blue","Active","20060906"
"8002305","edaravone","Active","20191029"
"8000799","phenobarbital","Active","19571231"
"8002175","ascorbic acid","Active","19891231"
"8001408","olsalazine","Active","19951231"
"8002289","albutrepenonacog alfa","Active","20190704"
"8001292","mycophenolic acid","Active","19951231"
"8000009","hydroxyzine","Active","19561231"
"8001364","codeine and guaifenesin and pseudoephedrine","Active","19951231"
"8001651","fampridine","Active","20120224"
"8001978","trimebutine","Active","19911231"
"8001242","adapalene","Active","19961231"
"8001126","canagliflozin","Active","20140528"
"8001808","imiglucerase","Active","20000614"
"8002083","prucalopride","Active","20120112"
"8001989","verteporfin","Active","20000626"
"8002236","bacitracin and gramicidin and lidocaine and polymyxin B","Active","20050524"
"8001251","colesevelam","Active","20120206"
"8000213","estradiol","Active","19951231"
"8001150","metformin and rosiglitazone","Inactive","20170425"
"8001467","fexofenadine and pseudoephedrine","Active","19990429"
"8001917","ramucirumab","Active","20150910"
"8001616","cinacalcet","Active","20040916"
"8002111","coal tar and salicylic acid and triclosan","Active","19731231"
"8001792","goserelin","Active","19941231"
"8001478","fosphenytoin","Active","20000301"
"8000925","brompheniramine and codeine and phenylephrine","Active","20010905"
"8001447","dacarbazine","Active","20000404"
"8001709","calcium carbonate and etidronate","Inactive","20210305"
"8001247","buspirone","Active","19961231"
"8001531","telbivudine","Inactive","20200421"
"8002073","polyvinyl alcohol","Active","19821231"
"8001933","selenium","Active","19931231"
"8001400","metolazone","Active","19741231"
"8002354","acetaminophen and ibuprofen","Active","20201214"
"8001303","ranibizumab","Active","20070726"
"8000108","valproic acid (divalproex)","Active","19841231"
"8001801","icatibant","Active","20140714"
"8001145","methyldopa","Active","19761231"
"8002097","calcium carbonate and magnesium hydroxide and simethicone","Active","19951231"
"8000360","solifenacin","Active","20060623"
"8002199","irinotecan (liposomal)","Active","20171004"
"8001380","famotidine","Active","19931231"
"8000830","isosorbide dinitrate","Active","19821231"
"8001136","glecaprevir and pibrentasvir","Active","20170913"
"8001523","sacubitril and valsartan","Active","20151113"
"8001669","nabumetone","Active","19980821"
"8002387","acetaminophen and dextromethorphan and guaifenesin","Active","20210806"
"8000347","atomoxetine","Active","20050224"
"8001101","anastrozole","Active","19960830"
"8001570","atezolizumab","Active","20170502"
"8001604","cabazitaxel","Active","20110823"
"8002342","cabotegravir and rilpivirine","Active","20200921"
"8000048","diazepam","Active","19741231"
"8002007","aloe and benzoin and myroxylon balsamum and storax","Inactive","20210729"
"8000169","ketorolac","Active","19921231"
"8002158","simethicone","Active","19631231"
"8000251","olopatadine","Active","19980209"
"8001202","etravirine","Active","20080327"
"8001176","cefepime","Active","20090319"
"8000215","lansoprazole","Active","19951231"
"8002100","camphor and glycol salicylate and levomenthol","Inactive","20200706"
"8000894","labetalol","Active","19960730"
"8001677","orlistat","Active","19990603"
"8000781","hydrocodone and phenylephrine","Active","19941231"
"8001861","mitotane","Active","19791231"
"8001692","ammonium chloride and codeine and diphenhydramine","Active","19811231"
"8001405","nedocromil","Inactive","20190401"
"8000003","epinephrine","Active","19511231"
"8000078","nystatin","Active","19791231"
"8001986","velaglucerase alfa","Active","20101122"
"8001103","brimonidine","Active","19971202"
"8001939","sodium fluoride and triclosan","Inactive","20190801"
"8001220","ombitasvir and paritaprevir and ritonavir","Inactive","20180730"
"8001502","pentamidine","Active","19980910"
"8000851","hydralazine","Active","19901231"
"8001335","acetaminophen and dextromethorphan and pseudoephedrine","Active","19951231"
"8002376","luspatercept","Active","20201123"
"8001747","dextromethorphan and guaifenesin and menthol and pseudoephedrine","Active","20050930"
"8001740","dasatinib","Active","20070413"
"8000841","cyproterone","Active","19871231"
"8002365","ozanimod","Active","20201112"
"8002069","piperonyl butoxide and pyrethrins","Active","19951231"
"8001858","miglustat","Active","20040526"
"8001909","gramicidin and neomycin and nystatin and triamcinolone acetonide","Active","19831231"
"8000824","minoxidil","Active","19801231"
"8002156","prednisolone and sulfacetamide","Active","19741231"
"8001773","fidaxomicin","Active","20120621"
"8001637","dornase alfa","Active","19941231"
"8002119","eptacog alfa (activated)","Active","20150505"
"8001956","tetracaine","Active","19951231"
"8000170","quinapril","Active","19921231"
"8002364","onasemnogene abeparvovec","Active","20210204"
"8000800","bisacodyl","Active","19581231"
"8000040","cephalexin","Active","19711231"
"8001760","elosulfase alfa","Active","20140827"
"8001258","delavirdine","Inactive","20181101"
"8000051","prednisolone","Active","19741231"
"8000346","escitalopram","Active","20050214"
"8001120","silodosin","Active","20111026"
"8000013","warfarin","Active","19571231"
"8001521","rufinamide","Active","20110829"
"8001780","fluorouracil and salicylic acid","Active","20160219"
"8001831","lenalidomide","Active","20080219"
"8001503","periciazine","Active","19691231"
"8002349","glycopyrronium and indacaterol and mometasone","Active","20201105"
"8000028","dexamethasone (base)","Active","19661231"
"8001254","dalteparin","Active","19951231"
"8001074","azilsartan","Active","20121108"
"8001234","streptomycin","Active","20011015"
"8001621","crotamiton","Active","19531231"
"8001190","diphenhydramine and phenylephrine","Active","20140805"
"8001736","cyclophosphamide","Active","20000822"
"8001208","itraconazole","Active","19931231"
"8001241","adalimumab","Active","20040924"
"8001104","naratriptan","Active","19980505"
"8000916","acetylsalicylic acid and dipyridamole","Active","20000417"
"8000234","sumatriptan","Active","19970211"
"8001350","chlordiazepoxide","Active","19811231"
"8001763","epinephrine and prilocaine","Active","19771231"
"8002220","carboxymethylcellulose","Active","19911231"
"8002203","magnesium hydroxide and mineral oil heavy","Active","19721231"
"8001911","lidocaine and tetracaine","Active","20150928"
"8000285","methadone","Active","20000505"
"8001835","levobunolol","Active","19851231"
"8002141","methylene blue and naphazoline","Active","19861231"
"8000268","sildenafil","Active","19990309"
"8001485","inotuzumab ozogamicin","Active","20180503"
"8000848","dexamethasone (base) and tobramycin","Active","19901231"
"8000338","ciprofloxacin and dexamethasone (base)","Active","20040513"
"8001079","eprosartan","Active","20000908"
"8001905","doxylamine and pyridoxine","Active","19831231"
"8000948","acetaminophen and pamabrom","Active","20041220"
"8001784","galsulfase","Active","20140101"
"8001814","interferon beta-1a (conventional)","Active","19980223"
"8001081","fluticasone and vilanterol","Active","20131129"
"8001641","eculizumab","Active","20090525"
"8000901","acetylsalicylic acid and methocarbamol","Active","19970707"
"8001723","chorionic gonadotropin","Active","19970813"
"8000160","clarithromycin","Active","19921231"
"8001739","daratumumab","Active","20160712"
"8002214","alfa 1-proteinase inhibitor human","Active","19961111"
"8001393","insulin isophane pork","Active","20060401"
"8001925","romidepsin","Active","20140205"
"8001606","canakinumab","Active","20100427"
"8001239","tipranavir","Active","20051201"
"8001987","vemurafenib","Active","20120305"
"8002178","camphor and diphenylpyraline and guaiacol","Active","19511231"
"8001743","degarelix","Active","20091124"
"8001073","alogliptin and metformin","Active","20140430"
"8002049","palivizumab","Active","20161103"
"8001667","methylprednisolone (base)","Active","19601231"
"8001229","ritonavir","Active","19960925"
"8000301","hydrochlorothiazide and telmisartan","Active","20010816"
"8000216","losartan","Active","19951231"
"8001580","benzethonium and benzocaine","Inactive","20200729"
"8002287","romosozumab","Active","20190812"
"8001331","acetaminophen and dextromethorphan and doxylamine and pseudoephedrine","Active","19970109"
"8001640","dyclonine","Inactive","20190703"
"8000188","terbinafine","Active","19931231"
"8001834","leuprolide","Active","19851231"
"8001649","ethopropazine","Active","19521231"
"8000312","alendronic acid","Active","20020214"
"8001900","codeine and guaifenesin and pheniramine","Active","19931231"
"8001609","carbetocin","Active","19990801"
"8001091","chlorambucil","Active","19571231"
"8000775","buprenorphine","Active","20100526"
"8001114","darifenacin","Active","20060406"
"8002337","fremanezumab","Active","20200804"
"8002074","polyvinyl alcohol and povidone","Active","20040324"
"8001693","ammonium chloride and dextromethorphan and diphenhydramine","Inactive","20180330"
"8000919","trimethoprim","Active","20010101"
"8001383","fluticasone and umeclidinium and vilanterol","Active","20180530"
"8002114","collagenase clostridium histolyticum","Active","19941231"
"8002244","lidocaine and polymyxin B","Active","19991229"
"8001612","carfilzomib","Active","20160211"
"8001941","sodium polystyrene sulfonate","Active","19611231"
"8000325","bisoprolol","Active","20030424"
"8000924","benzoyl peroxide and clindamycin","Active","20010904"
"8001807","imatinib","Active","20041025"
"8002378","triheptanoin","Active","20210401"
"8000263","clopidogrel","Active","19981013"
"8000826","guaifenesin and oxtriphylline","Active","19811231"
"8001468","flunarizine","Active","20020808"
"8002039","ocriplasmin","Inactive","20200320"
"8001015","cocoa butter and phenylephrine","Active","20160520"
"8001209","ketoconazole","Active","19901230"
"8001285","loteprednol","Active","20090624"
"8001128","thiotepa","Active","20171031"
"8000817","alcohol anhydrous","Inactive","20210503"
"8001821","ivabradine","Active","20170317"
"8001123","fesoterodine","Active","20120419"
"8002248","simoctocog alfa","Active","20151222"
"8001216","micafungin","Active","20070918"
"8001524","selegiline","Active","19941231"
"8000037","erythromycin","Active","19701231"
"8001164","abacavir and lamivudine","Active","20050817"
"8001286","lovastatin","Active","19970327"
"8001571","atropine","Active","19641231"
"8001880","white petrolatum","Active","19511231"
"8001324","acetaminophen and chlorpheniramine and pseudoephedrine","Active","19861231"
"8002247","polymyxin B and trimethoprim","Active","19931231"
"8000777","hydrocodone","Active","19921231"
"8000390","metformin and sitagliptin","Active","20091008"
"8001869","potassium acetate","Active","20160718"
"8001687","teriflunomide","Active","20131115"
"8001664","ivacaftor and lumacaftor","Active","20160127"
"8000821","guaifenesin","Active","19791231"
"8001623","dabrafenib","Active","20130828"
"8001968","tolnaftate","Active","19651231"
"8001372","dextromethorphan and phenylephrine","Active","20060818"
"8001540","trihexyphenidyl","Active","19821231"
"8002004","yohimbine","Inactive","20201031"
"8002336","pramoxine","Active","20200720"
"8001275","infliximab","Active","20010614"
"8000329","carvedilol","Active","20030804"
"8001599","bromfenac","Active","20150925"
"8001642","eflornithine","Active","20051101"
"8000055","folic acid","Active","19751231"
"8000367","ciclesonide","Active","20060927"
"8001602","buserelin","Active","19970210"
"8000032","carbamazepine","Active","19691231"
"8001177","cefotaxime","Active","20150312"
"8000010","methylphenidate","Active","19561231"
"8001085","olodaterol and tiotropium","Active","20150529"
"8002121","gentian violet","Active","19511231"
"8002280","efmoroctocog alfa","Active","20160115"
"8000371","varenicline","Active","20070411"
"8001358","cilastatin and imipenem","Active","19871231"
"8001392","insulin human and insulin isophane human","Active","19891231"
"8001991","vincristine","Active","19951231"
"8002288","susoctocog alfa","Active","20161130"
"8001000","linagliptin and metformin","Active","20130417"
"8001430","acitretin","Active","19941231"
"8002360","sonidegib","Active","20201223"
"8001207","inosine pranobex","Active","20000125"
"8001001","metformin and saxagliptin","Active","20130426"
"8001993","vismodegib","Active","20130809"
"8000389","aripiprazole","Active","20090930"
"8001370","dextromethorphan and guaifenesin","Active","19921231"
"8001071","aclidinium and formoterol","Active","20150709"
"8001785","ganirelix","Active","20020823"
"8001630","dequalinium","Active","19951231"
"8000124","verapamil","Active","19881231"
"8000140","lisinopril","Active","19941231"
"8002165","turoctocog alfa","Active","20180323"
"8001086","orciprenaline","Inactive","20200724"
"8001549","abiraterone","Active","20110728"
"8002356","etomidate","Active","20200914"
"8001783","fulvestrant","Active","20040614"
"8001803","idarucizumab","Active","20160524"
"8001963","thyrotropin alfa","Active","20020812"
"8001765","epoetin alfa","Active","19970919"
"8002135","loperamide and simethicone","Active","20020620"
"8001334","acetaminophen and dextromethorphan and phenylephrine","Active","20060626"
"8001894","capsaicin and menthol and trolamine salicylate","Active","20080915"
"8000999","nebivolol","Active","20130402"
"8002277","coagulation factor IX human","Active","19961018"
"8001584","besifloxacin","Active","20100127"
"8000802","hydrochlorothiazide and spironolactone","Active","19601231"
"8002163","sodium thiosulfate","Active","19980713"
"8001908","gonadorelin","Active","19941231"
"8001212","ledipasvir and sofosbuvir","Active","20141016"
"8000020","norethindrone","Active","19611231"
"8001582","bepotastine","Active","20170323"
"8001832","lenvatinib","Active","20160331"
"8001710","calcium chloride","Active","19811231"
"8001823","ixekizumab","Active","20160811"
"8001421","tetracycline","Active","19831231"
"8001445","clomiphene","Inactive","20170707"
"8002077","ponatinib","Active","20150821"
"8001122","vandetanib","Active","20120223"
"8000164","ethinyl estradiol and norgestimate","Active","19921231"
"8000973","eplerenone","Active","20090505"
"8001274","heparin","Active","19841231"
"8001321","acetaminophen and chlorpheniramine and dextromethorphan and phenylephrine","Active","20060724"
"8000001","levothyroxine","Active","19511230"
"8001083","glycopyrronium and indacaterol","Active","20140305"
"8001316","acarbose","Active","19960202"
"8001569","asfotase alfa","Active","20151020"
"8002368","mecasermin","Active","20210301"
"8000307","insulin aspart","Active","20011031"
"8000189","trazodone","Active","19931231"
"8000936","ibuprofen and methocarbamol","Active","20030702"
"8001045","docusate","Active","19851231"
"8000943","amiloride","Active","20040618"
"8002041","olaparib","Active","20160516"
"8001310","atazanavir and cobicistat","Inactive","20170922"
"8000776","butorphanol","Active","20000801"
"8000123","nifedipine","Active","19881231"
"8001250","clomipramine","Active","19731231"
"8000134","budesonide","Active","19901231"
"8002197","hemin","Active","20181205"
"8001327","acetaminophen and dextromethorphan and diphenhydramine and pseudoephedrine","Active","20120828"
"8001137","insulin degludec","Active","20170915"
"8002122","glycerin and hypromellose","Active","20110419"
"8000043","ibuprofen","Active","19721231"
"8001603","busulfan","Active","19541231"
"8000773","clotrimazole","Active","19881231"
"8000903","ipratropium and salbutamol","Active","19970725"
"8001927","ropivacaine","Active","19970430"
"8001002","benzalkonium and lidocaine","Active","19951231"
"8000091","flurazepam","Active","19811231"
"8000814","metronidazole and nystatin","Active","19761231"
"8002357","elasomeran","Active","20201223"
"8001622","cyclopentolate","Active","19721231"
"8001106","ondansetron","Active","19961113"
"8001863","modafinil","Active","19990324"
"8001385","glucagon","Active","20020527"
"8001354","chlorpheniramine and dextromethorphan","Active","20040112"
"8001197","emtricitabine and tenofovir alafenamide","Active","20160603"
"8000854","acetaminophen and chlorzoxazone and codeine","Active","19911231"
"8001180","ceftriaxone","Active","20070223"
"8002372","drospirenone and estetrol","Active","20210615"
"8000080","sulfamethoxazole and trimethoprim","Active","19791231"
"8000269","amiodarone","Active","19990329"
"8000225","fenofibrate","Active","19961002"
"8001686","temsirolimus","Active","20080111"
"8000850","fluconazole","Active","19901231"
"8001369","dextromethorphan and doxylamine","Active","20100819"
"8002242","gramicidin and polymyxin B","Active","19891231"
"8001887","arsenic trioxide","Active","20130909"
"8001967","tofacitinib","Active","20140603"
"8000844","amiloride and hydrochlorothiazide","Active","19891231"
"8002164","tryptophan","Active","19861231"
"8002032","natalizumab","Active","20061121"
"8001459","ertugliflozin","Inactive","20210203"
"8000823","phenylephrine","Active","19791231"
"8002217","anti-thymocyte immunoglobulin equine","Active","19981204"
"8002129","hexylresorcinol and levomenthol","Active","20070323"
"8000819","pindolol","Active","19781231"
"8001457","enfuvirtide","Active","20030818"
"8002005","acetaminophen and caffeine and pyrilamine","Active","20060622"
"8002190","drospirenone and ethinyl estradiol and levomefolic acid","Active","20130301"
"8001501","pemetrexed","Active","20040803"
"8000965","aliskiren","Active","20071126"
"8002085","pyrithione zinc","Active","19811231"
"8002139","mannitol and sorbitol","Active","19801231"
"8002094","amylmetacresol and dichlorobenzyl alcohol and menthol","Active","20120719"
"8002087","stiripentol","Active","20130501"
"8001816","ipilimumab","Active","20120308"
"8001737","cytarabine","Active","19960923"
"8000381","travoprost","Active","20081110"
"8001555","aldesleukin","Active","19951231"
"8000057","furosemide","Active","19761231"
"8000244","latanoprost","Active","19970728"
"8002065","pertuzumab and trastuzumab","Active","20130509"
"8000330","dutasteride","Active","20031114"
"8002011","baricitinib","Active","20180927"
"8001626","deferasirox","Active","20061110"
"8001874","prednicarbate","Active","20010321"
"8002066","phentolamine","Active","20010615"
"8002166","acetaminophen and ascorbic acid and pheniramine and phenylephrine","Active","19990106"
"8001099","brinzolamide and timolol","Active","20090825"
"8001639","dulaglutide","Active","20151124"
"8002205","mineral oil heavy and mineral oil light","Active","20180503"
"8001281","insulin pork","Active","20060401"
"8000922","brompheniramine and phenylephrine","Active","20010723"
"8002274","antithrombin III human","Active","19990705"
"8001376","disopyramide","Active","20030912"
"8001702","benzalkonium and pramoxine","Active","20090312"
"8002112","codeine and guaifenesin and pseudoephedrine and triprolidine","Active","19941231"
"8001441","bivalirudin","Active","20030508"
"8000322","rosuvastatin","Active","20030219"
"8000334","ethinyl estradiol and norelgestromin","Active","20031224"
"8001926","romiplostim","Active","20090415"
"8001680","podophyllotoxin","Active","19921231"
"8000331","tadalafil","Active","20031125"
"8002390","encorafenib","Active","20210705"
"8001627","deferiprone","Active","20150428"
"8000173","fluticasone","Active","19930312"
"8000855","benzalkonium and coal tar and salicylic acid","Inactive","20190527"
"8001533","tetrabenazine","Active","19961209"
"8000786","pentazocine","Active","19701231"
"8001561","alteplase","Active","19961231"
"8002343","caplacizumab","Active","20200904"
"8000139","gliclazide","Active","19901231"
"8000082","diclofenac","Active","19801231"
"8001891","benzocaine and tetracaine","Active","19921231"
"8001147","apixaban","Active","20120201"
"8001314","cobicistat and elvitegravir and emtricitabine and tenofovir disoproxil","Active","20121220"
"8000257","bupropion","Active","19980505"
"8001340","amantadine","Active","19921231"
"8000246","donepezil","Active","19970820"
"8002315","upadacitinib","Active","20200116"
"8000899","dorzolamide","Active","19961231"
"8001087","rosiglitazone","Active","20000321"
"8002105","chloroxylenol and coal tar and menthol","Active","20070420"
"8002345","glasdegib","Active","20200810"
"8002329","trifarotene","Active","20191128"
"8000071","morphine","Active","19781231"
"8000788","belladonna and ergotamine and phenobarbital","Inactive","20180605"
"8000349","acetaminophen and tramadol","Active","20050722"
"8002307","erdafitinib","Active","20191209"
"8001226","rifabutin","Active","19951231"
"8002124","glycerin and naphazoline and zinc sulfate","Active","20040324"
"8000259","irbesartan","Active","19980622"
"8002260","latanoprostene bunod","Active","20190517"
"8001491","lopinavir and ritonavir","Active","20010309"
"8000066","baclofen","Active","19781231"
"8002318","icosapent","Active","20200207"
"8001769","ergonovine","Active","20160219"
"8001544","vigabatrin","Active","19941231"
"8000396","galantamine","Active","20050429"
"8001252","colestipol","Active","19851231"
"8000872","benazepril","Active","19931231"
"8001638","dronedarone","Active","20090928"
"8000183","mesalazine","Active","19921231"
"8001297","oseltamivir","Active","19991223"
"8000220","progesterone","Active","19951231"
"8001932","secukinumab","Active","20150410"
"8001075","azilsartan and chlorthalidone","Active","20130321"
"8001326","acetaminophen and dextromethorphan and diphenhydramine and guaifenesin and pseudoephedrine","Active","20120425"
"8001311","cholestyramine","Active","19931231"
"8001643","ensulizole","Deprec","20181103"
"8001158","sofosbuvir and velpatasvir and voxilaprevir","Active","20170918"
"8001109","exemestane","Active","20000817"
"8001218","nevirapine","Active","19980917"
"8002241","gramicidin and lidocaine and polymyxin B","Active","19990618"
"8002123","glycerin and naphazoline","Active","20110427"
"8001233","stavudine","Inactive","20200331"
"8000065","acetaminophen and codeine","Active","19781231"
"8001962","thyroid","Active","19511231"
"8001522","rupatadine","Active","20170116"
"8000831","betamethasone dipropionate and salicylic acid","Active","19831231"
"8001913","nitroprusside","Active","20110517"
"8001363","cobicistat and darunavir and emtricitabine and tenofovir alafenamide","Active","20180425"
"8000813","chlorthalidone","Active","19761231"
"8000374","sitagliptin","Active","20080102"
"8001387","ibuprofen and pseudoephedrine","Active","19931231"
"8002187","cyanocobalamin","Active","19781231"
"8001302","prochlorperazine","Active","19891231"
"8002237","bacitracin and gramicidin and polymyxin B","Active","19941231"
"8002382","trastuzumab deruxtecan","Active","20210709"
"8001853","methazolamide","Active","20020725"
"8001323","acetaminophen and chlorpheniramine and phenylephrine","Active","20020109"
"8001167","acetaminophen and diphenhydramine and phenylephrine","Active","20141204"
"8000210","cefprozil","Active","19951231"
"8001768","ergoloid mesylates","Inactive","20200724"
"8000897","benzoyl peroxide and erythromycin","Active","19961105"
"8001411","penicillin G","Active","19970123"
"8002201","lanolin and mineral oil heavy","Active","19921231"
"8001121","zolpidem","Active","20111129"
"8001455","empagliflozin","Active","20150811"
"8000081","timolol","Active","19791231"
"8001946","succinylcholine","Active","19521231"
"8001985","vedolizumab","Active","20150421"
"8001848","menthol and pramoxine","Active","19990111"
"8001330","acetaminophen and dextromethorphan and doxylamine and phenylephrine","Active","20140815"
"8001970","trabectedin","Active","20100805"
"8001907","fomepizole","Active","20010330"
"8001259","desmopressin","Active","19891231"
"8002186","crisaborole","Active","20180829"
"8000180","diclofenac and misoprostol","Active","19931231"
"8001943","somatropin","Active","19990728"
"8001842","lomustine","Active","19761231"
"8000352","tamsulosin","Active","20051011"
"8002070","pirfenidone","Active","20130108"
"8002029","lanadelumab","Active","20181031"
"8001862","mitoxantrone","Active","20011203"
"8001586","betaxolol","Active","19941231"
"8001090","umeclidinium and vilanterol","Active","20140314"
"8001955","tesamorelin","Active","20150623"
"8002027","ivacaftor and tezacaftor","Active","20180628"
"8000187","risperidone","Active","19931231"
"8001475","follitropin alfa","Active","20031229"
"8000983","adapalene and benzoyl peroxide","Active","20110513"
"8000127","fentanyl","Active","19891231"
"8002234","abobotulinumtoxinA","Active","20130219"
"8000261","montelukast","Active","19980821"
"8001619","cobimetinib","Active","20160406"
"8001219","norfloxacin","Active","19980720"
"8001320","acetaminophen and chlorpheniramine and dextromethorphan and guaifenesin and pseudoephedrine","Active","20050923"
"8000201","hydrochlorothiazide and lisinopril","Active","19941231"
"8001510","porfimer","Inactive","20190718"
"8000286","hydrochlorothiazide and valsartan","Active","20000510"
"8001191","dolutegravir","Active","20131108"
"8001341","azelaic acid","Active","20100615"
"8000179","desogestrel and ethinyl estradiol","Active","19931231"
"8001922","riociguat","Active","20130925"
"8002131","isopropyl myristate","Active","20060901"
"8002290","coagulation factor VIII human and von Willebrand factor human","Active","20041206"
"8000900","hamamelis virginiana and phenylephrine","Active","19970505"
"8002298","patisiran (lipid complex)","Active","20190725"
"8000075","calcitriol","Active","19791231"
"8001506","pilocarpine","Active","19591231"
"8001014","amlodipine and perindopril","Active","20160405"
"8002347","eszopiclone","Active","20201020"
"8000256","cyproterone and ethinyl estradiol","Active","19980408"
"8001153","palonosetron","Active","20120719"
"8001374","dicyclomine","Active","19741231"
"8001482","scopolamine butylbromide","Active","19761231"
"8001938","sirolimus","Active","20010515"
"8001433","aprepitant","Active","20070924"
"8001203","famciclovir","Active","19951231"
"8001343","bromocriptine","Active","19941231"
"8002071","plerixafor","Active","20120326"
"8000200","gabapentin","Active","19941231"
"8001754","diphenhydramine and zinc acetate","Active","20070309"
"8000202","ipratropium","Active","19941231"
"8001269","fludrocortisone","Active","19951231"
"8001847","menotropins","Active","20030828"
"8001936","sincalide","Active","19980708"
"8001610","carboplatin","Active","19941231"
"8002334","isatuximab","Active","20200703"
"8001815","interferon beta-1b","Active","19951231"
"8000031","hydrochlorothiazide","Active","19681231"
"8001171","atazanavir","Active","20040109"
"8001547","zuclopenthixol","Active","19970502"
"8001493","loratadine and pseudoephedrine","Active","19911231"
"8000041","lithium carbonate","Active","19711231"
"8001611","carboprost","Active","19971128"
"8002115","dextran 70 and glycerin and hypromellose","Active","20030102"
"8002209","phytonadione","Active","19891231"
"8002350","remdesivir","Active","20201016"
"8001149","lifitegrast","Active","20180212"
"8002324","darolutamide","Active","20200324"
"8000811","docusate and sennosides","Active","19751231"
"8001415","praziquantel","Active","19970424"
"8001434","argatroban","Active","20020613"
"8001170","anidulafungin","Active","20100125"
"8001530","teduglutide","Active","20151028"
"8000185","paroxetine","Active","19931231"
"8001663","ivacaftor","Active","20121127"
"8001705","bismuth subsalicylate","Active","19871231"
"8001572","atropine and diphenoxylate","Active","19601231"
"8001954","tenecteplase","Active","20011018"
"8002389","binimetinib","Active","20210705"
"8000266","candesartan","Active","19981207"
"8001082","glycopyrronium","Active","19931231"
"8001196","emtricitabine and rilpivirine and tenofovir disoproxil","Active","20111020"
"8001532","tenoxicam","Inactive","20200724"
"8001119","liraglutide","Active","20100527"
"8001451","diflunisal","Inactive","20200724"
"8000262","hydrochlorothiazide and quinapril","Active","19981001"
"8001420","terconazole","Active","20040921"
"8001244","amcinonide","Active","20030213"
"8001449","desipramine","Active","19961231"
"8001452","difluprednate","Active","20140219"
"8001837","lidocaine","Active","19511231"
"8001416","procainamide","Active","19951231"
"8001596","bretylium","Inactive","20210421"
"8000247","terazosin","Active","19970926"
"8001830","leflunomide","Active","20000329"
"8001507","pimozide","Active","20030401"
"8000317","insulin glargine","Active","20020724"
"8001546","zanamivir","Active","19991207"
"8002249","calcium gluconate","Active","19840719"
"8001312","cobicistat and darunavir","Active","20140828"
"8002311","phenazopyridine","Inactive","20210713"
"8001143","methotrimeprazine","Active","19581231"
"8001961","thiamine","Active","19891231"
"8001232","spiramycin","Active","19571231"
"8001173","betamethasone valerate and gentamicin","Active","19701231"
"8001795","hexylresorcinol","Active","19911231"
"8001349","chloramphenicol","Active","19591231"
"8002238","bacitracin and lidocaine and polymyxin B","Active","19980527"
"8001854","methocarbamol","Active","19581231"
"8001592","blinatumomab","Active","20160317"
"8001245","benzydamine","Active","19961202"
"8001454","eliglustat","Active","20170726"
"8000143","zopiclone","Active","19901231"
"8001725","chromic chloride","Active","19931231"
"8001352","chloroquine","Inactive","20210729"
"8000087","temazepam","Active","19801231"
"8001261","desoximetasone","Active","19961107"
"8001644","enzalutamide","Active","20130607"
"8001253","cyclosporine","Active","19841231"
"8001347","ceftolozane and tazobactam","Active","20160112"
"8001520","rotigotine","Active","20130627"
"8001439","bacitracin","Active","19511231"
"8000023","acetaminophen and caffeine and codeine","Active","19641231"
"8001317","acenocoumarol","Inactive","20210902"
"8001448","dantrolene","Active","19931231"
"8000036","clindamycin","Active","19701231"
"8001195","emtricitabine and rilpivirine and tenofovir alafenamide","Active","20170320"
"8001336","acetaminophen and diphenhydramine and pseudoephedrine","Active","19980305"
"8000159","ciprofloxacin","Active","19921231"
"8001360","clodronate","Active","19921231"
"8001371","dextromethorphan and guaifenesin and pseudoephedrine","Active","19921231"
"8002388","bacillus Calmette-Gurin substrain Russian BCG-I","Active","20210830"
"8001538","tranylcypromine","Active","19921231"
"8001969","topotecan","Active","19970618"
"8001935","siltuximab","Active","20150303"
"8001353","chlorpheniramine","Active","19671231"
"8001583","beractant","Active","19931231"
"8000072","valproic acid (valproate)","Active","19781231"
"8001674","nimodipine","Active","20090724"
"8001798","hydrocortisone and pramoxine and zinc sulfate","Active","19781231"
"8002048","palbociclib","Active","20160419"
"8002314","rurioctocog alfa pegol","Active","20180306"
"8002252","burosumab","Active","20190128"
"8002207","mineral oil heavy and white petrolatum","Active","19891231"
"8000095","acyclovir","Active","19821231"
"8002250","polyethylene glycol 3350 and propylene glycol","Active","19821231"
"8002266","risankizumab","Active","20190513"
"8001344","brompheniramine and dextromethorphan and phenylephrine","Active","20010725"
"8001636","dobutamine","Active","19961024"
"8001084","indacaterol","Active","20120305"
"8001313","cobicistat and elvitegravir and emtricitabine and tenofovir alafenamide","Active","20160203"
"8001246","bezafibrate","Active","19941221"
"8001224","raltegravir","Active","20071128"
"8001093","nabilone","Active","19821231"
"8000345","drospirenone and ethinyl estradiol","Active","20041222"
"8000840","lactulose","Active","19861231"
"8001670","nafarelin","Active","19961125"
"8001309","valganciclovir","Active","20020716"
"8001915","phenylbutyric acid","Active","20150127"
"8002134","levocarnitine","Active","19951231"
"8001598","brivaracetam","Active","20160502"
"8002317","gilteritinib","Active","20200203"
"8001542","tropicamide","Active","19511231"
"8001318","acetaminophen and chlorpheniramine","Inactive","20171213"
"8002034","nilotinib","Active","20080930"
"8001484","hypromellose","Active","19691231"
"8001645","eribulin","Active","20120319"
"8001446","cortisone","Active","19731231"
"8001175","cefazolin","Active","19951231"
"8002061","pembrolizumab","Active","20150601"
"8001072","alogliptin","Active","20140430"
"8002300","bacillus Calmette-Gurin substrain TICE","Active","19951231"
"8001394","insulin lispro and insulin lispro protamine","Active","19990705"
"8002353","tozinameran","Active","20201214"
"8000273","repaglinide","Active","19990621"
"8000893","sotalol","Active","19951231"
"8001183","dapsone","Active","19941231"
"8001255","danaparoid","Active","19951231"
"8002258","inotersen","Active","20190107"
"8001566","anakinra","Active","20020529"
"8002067","pimecrolimus","Active","20030324"
"8000277","telmisartan","Active","19990901"
"8002352","bamlanivimab","Active","20201224"
"8001115","trospium","Active","20060404"
"8001497","melphalan","Active","19641231"
"8002043","oxaliplatin","Active","20070717"
"8001662","hydroxyurea","Active","19791231"
"8000110","acebutolol","Active","19861231"
"8002291","dolutegravir and lamivudine","Active","20190909"
"8000391","saxagliptin","Active","20091029"
"8001089","umeclidinium","Active","20150427"
"8001111","brimonidine and timolol","Active","20031211"
"8001951","taliglucerase alfa","Active","20140908"
"8000382","hydrochlorothiazide and olmesartan","Active","20081222"
"8001403","nalbuphine","Active","19931231"
"8002338","halobetasol and tazarotene","Active","20200804"
"8002072","polyethylene glycol 3350","Active","20081210"
"8001169","amikacin","Active","20010129"
"8001656","fosaprepitant","Active","20110404"
"8001683","rasagiline","Active","20060914"
"8000853","acetaminophen and chlorzoxazone","Inactive","20180320"
"8000026","nortriptyline","Active","19651231"
"8001273","guanfacine","Active","20130806"
"8002355","amifampridine","Active","20200924"
"8001237","tenofovir disoproxil","Active","20040315"
"8001375","dimenhydrinate","Active","19511231"
"8000114","dexamethasone phosphate","Active","19861231"
"8002251","aluminum magnesium hydroxide carbonate and magnesium hydroxide and simethicone","Active","19631231"
"8001704","bismuth subgallate","Active","19781231"
"8001294","nepafenac","Active","20080821"
"8001227","rifampin","Active","19771231"
"8001213","loperamide","Active","19931231"
"8001688","teriparatide","Active","20040715"
"8002138","mannitol","Active","19631231"
"8001248","calcipotriol","Active","19921231"
"8001172","aztreonam","Active","20091111"
"8000239","ramipril","Active","19970324"
"8001133","defibrotide","Active","20170906"
"8001409","orphenadrine","Active","19941231"
"8000968","ambrisentan","Active","20080624"
"8001112","eletriptan","Active","20041013"
"8000859","acetaminophen and codeine and methocarbamol","Active","19921231"
"8001283","isotretinoin","Active","19831231"
"8002254","cerliponase alfa","Active","20190318"
"8002229","ferric derisomaltose","Active","20181017"
"8001728","ciprofloxacin and fluocinolone","Active","20170508"
"8001851","mesna","Active","20010306"
"8001778","fluocinolone","Active","19911231"
"8002157","silicone","Active","19970401"
"8001746","dextromethorphan and guaifenesin and menthol","Active","20050330"
"8000804","ethacrynic acid","Active","19681231"
"8001952","tazarotene","Active","19970410"
"8001758","dyclonine and menthol","Inactive","20170223"
"8000278","risedronate","Active","19990907"
"8001390","insulin glulisine","Active","20080922"
"8000012","hydroxychloroquine","Active","19571231"
"8002063","perampanel","Active","20130517"
"8001193","efavirenz and emtricitabine and tenofovir disoproxil","Active","20071023"
"8001154","peramivir","Inactive","20180103"
"8001755","docetaxel","Active","19951231"
"8001492","loratadine","Active","19881218"
"8001845","magnesium sulfate","Active","19781231"
"8002213","telotristat","Active","20181207"
"8002299","acalabrutinib","Active","20191002"
"8001812","interferon alfa-2b","Active","19970312"
"8001235","telavancin","Inactive","20181212"
"8001620","crizotinib","Active","20120510"
"8000053","betamethasone (base)","Active","19970401"
"8001767","eptifibatide","Active","19990623"
"8002108","citric acid and magnesium oxide and sodium picosulfate","Active","20041125"
"8002218","anti-thymocyte immunoglobulin rabbit","Active","20030506"
"8002055","pazopanib","Active","20100813"
"8001577","belimumab","Active","20110824"
"8000332","fosinopril","Active","20031205"
"8001240","zidovudine","Active","19901231"
"8001487","levocabastine","Active","19931231"
"8002060","pegvisomant","Active","20060124"
"8001049","aminophylline","Active","19811231"
"8002106","cisatracurium","Active","20140120"
"8001396","ketotifen","Active","19901231"
"8001661","hydroquinone","Active","20030113"
"8001920","remifentanil","Active","20110927"
"8000353","insulin detemir","Active","20051114"
"8001741","daunorubicin","Active","19711231"
"8002301","eftrenonacog alfa","Active","20151211"
"8001563","aminolevulinic acid","Active","20040603"
"8000171","sertraline","Active","19921231"
"8000385","desvenlafaxine","Active","20090305"
"8001270","fluocinonide","Active","19831231"
"8000137","dexamethasone sodium phosphate","Active","19941231"
"8001097","chloral hydrate","Active","19901231"
"8001650","everolimus","Active","20100119"
"8001873","pramoxine and zinc sulfate","Active","19921231"
"8000978","clotrimazole and fluconazole","Active","20100310"
"8001799","hydroxocobalamin","Active","20121019"
"8001131","cysteamine","Active","20171017"
"8002031","menthol and pyrithione zinc","Active","19901231"
"8001589","bicalutamide","Active","19961231"
"8001613","ceritinib","Active","20150429"
"8002126","glycerin and potassium chloride and sodium lactate and sodium phosphate dibasic and sodium phosphate monobasic","Active","19911231"
"8000008","hydrocortisone","Active","19541231"
"8001472","flupentixol","Active","19951231"
"8002192","ergocalciferol","Active","19991230"
"8000004","phenytoin sodium","Active","19511231"
"8001774","filgrastim (conventional)","Active","19921231"
"8001896","chloroxylenol and triclosan","Active","19931231"
"8001653","floctafenine","Inactive","20200724"
"8002320","emicizumab","Active","20181019"
"8000828","acetaminophen and codeine and doxylamine","Active","19821231"
"8001966","tocilizumab","Active","20100526"
"8001953","temozolomide","Active","19991112"
"8001631","diazoxide","Active","19851231"
"8002002","vortioxetine","Active","20141028"
"8001412","pentoxifylline","Active","19970114"
"8001924","rocuronium","Active","19951231"
"8001931","sebelipase alfa","Active","20180405"
"8001519","ropinirole","Active","20090722"
"8001745","dexrazoxane","Active","19951231"
"8000849","enalapril and hydrochlorothiazide","Active","19901231"
"8000808","acetylsalicylic acid and butalbital and caffeine","Active","19711231"
"8001518","ribociclib","Active","20180427"
"8000847","captopril","Active","19901231"
"8001422","tinzaparin","Active","19951231"
"8000054","carbidopa and levodopa","Active","19751231"
"8001231","simeprevir","Inactive","20180331"
"8001088","terbutaline","Active","19901231"
"8000950","insulin aspart and insulin aspart protamine","Active","20050912"
"8001066","mepolizumab","Active","20160314"
"8000302","betahistine","Active","20010817"
"8001194","elbasvir and grazoprevir","Active","20160125"
"8000198","digoxin","Active","19941231"
"8000413","alendronic acid and cholecalciferol","Active","20060313"
"8001053","zafirlukast","Inactive","20180102"
"8002259","isavuconazole","Active","20190502"
"8001557","alemtuzumab","Active","20070907"
"8001201","ethambutol","Active","19721231"
"8002147","moroctocog alfa","Active","20090123"
"8001578","bendamustine","Active","20120912"
"8001151","migalastat","Active","20180115"
"8001558","alglucosidase alfa","Active","20061206"
"8002109","coal tar","Active","19751231"
"8002272","safinamide","Active","20190708"
"8001567","anethole trithione","Active","20000802"
"8002312","niraparib","Active","20200109"
"8001048","tolbutamide","Inactive","20200724"
"8002211","scopolamine hydrobromide","Active","19811231"
"8002117","dextran 70 and polyethylene glycol 400 and povidone and tetrahydrozoline","Active","20050308"
"8001450","dienogest","Active","20111025"
"8000218","naproxen","Active","19821231"
"8000141","pravastatin","Active","20010227"
"8001673","nilutamide","Active","19970820"
"8000219","oxybutynin","Active","19951231"
"8001264","efinaconazole","Active","20140721"
"8001205","ganciclovir","Active","19951231"
"8001912","naphazoline and pheniramine","Active","19801231"
"8001825","lacosamide","Active","20101021"
"8000086","propranolol","Active","19801231"
"8001423","trimipramine","Active","19871231"
"8000276","rizatriptan","Active","19990831"
"8001594","bosutinib","Active","20140324"
"8001841","lidocaine and prilocaine","Active","19911231"
"8001779","fluorouracil","Active","19751231"
"8002196","flibanserin","Active","20181113"
"8001319","acetaminophen and chlorpheniramine and dextromethorphan","Active","20040112"
"8001386","guaifenesin and pseudoephedrine","Inactive","20210630"
"8001435","asenapine","Active","20111219"
"8002110","coal tar and salicylic acid","Active","19801231"
"8002116","dextran 70 and hypromellose","Active","19891231"
"8000783","naloxone and oxycodone","Active","20101005"
"8001712","calcium polystyrene sulfonate","Active","19791231"
"8000084","haloperidol","Active","19801231"
"8001559","alitretinoin","Active","20101119"
"8001914","pheniramine and phenylephrine","Active","19921231"
"8001984","vasopressin","Active","19960814"
"8002371","ranolazine","Active","20210503"
"8002279","coagulation factor XIII human","Active","20140403"
"8002054","pasireotide","Active","20131126"
"8001843","lutropin alfa","Active","20050628"
"8002381","dextromethorphan and guaifenesin and phenylephrine","Active","20210719"
"8001928","ruxolitinib","Active","20120719"
"8001685","sulfinpyrazone","Inactive","20200724"
"8002019","cidofovir","Active","20180711"
"8001836","levomilnacipran","Active","20151119"
"8001453","droperidol","Inactive","20190801"
"8000168","insulin isophane human","Active","19831231"
"8000915","levonorgestrel","Active","20000224"
"8000907","amoxicillin and clarithromycin and lansoprazole","Active","19980818"
"8000238","clobazam","Active","19970324"
"8000927","betamethasone dipropionate and calcipotriol","Active","20011129"
"8001681","prasugrel","Active","20100517"
"8001463","ethosuximide","Active","19601231"
"8001600","bupivacaine","Active","19941231"
"8001139","olaratumab","Inactive","20200925"
"8002113","codeine and pseudoephedrine and triprolidine","Active","19960730"
"8001761","eluxadoline","Active","20170424"
"8002064","pertuzumab","Active","20130508"
"8000088","alprazolam","Active","19811231"
"8001189","diphenhydramine and naproxen","Active","20160224"
"8001268","evolocumab","Active","20150928"
"8002150","oxymetazoline","Active","19861231"
"8000320","tiotropium","Active","20021121"
"8002096","calcium carbonate and famotidine and magnesium hydroxide","Active","20010514"
"8001899","clioquinol and flumethasone","Active","19681231"
"8000970","drospirenone and estradiol","Active","20081020"
"8001345","bupropion and naltrexone","Active","20180316"
"8001465","exenatide","Active","20110531"
"8001138","durvalumab","Active","20171120"
"8000794","betamethasone acetate and betamethasone (base)","Active","19651231"
"8001974","trastuzumab emtansine","Active","20131009"
"8001108","ibutilide","Active","20001128"
"8000104","fusidic acid","Active","19841231"
"8001990","vinblastine","Active","19980414"
"8002294","interferon alfa-2a (peginterferon alfa-2a)","Active","20030814"
"8002179","camphor and eucalyptol and guaiacol","Active","19771231"
"8001820","isoproterenol","Active","19911231"
"8001679","podophyllin","Inactive","20210728"
"8002089","aluminum chlorohydrate and methylprednisolone acetate and neomycin and sulfur","Active","19651231"
"8001775","fingolimod","Active","20110328"
"8000784","normethadone and p-hydroxyephedrine","Active","19970123"
"8001238","tigecycline","Active","20061130"
"8001617","clobetasone","Active","19990927"
"8000931","trandolapril and verapamil","Inactive","20191119"
"8002232","sodium ferric gluconate complex","Active","20050302"
"8002189","doravirine and lamivudine and tenofovir disoproxil","Active","20181210"
"8001325","acetaminophen and dextromethorphan and diphenhydramine","Active","20060831"
"8001295","nicotinamide","Inactive","20180818"
"8001988","venetoclax","Active","20161031"
"8000184","metformin","Active","19931231"
"8001940","sodium oxybate","Active","20070803"
"8001809","imiquimod","Active","19990705"
"8002162","sodium phosphate dibasic and sodium phosphate monobasic","Active","19911231"
"8000932","dexamethasone (base) and framycetin and gramicidin","Active","20020726"
"8000067","benztropine","Active","19781231"
"8002140","methylene blue","Active","19511231"
"8001545","voriconazole","Active","20041112"
"8001864","naphazoline","Active","19701231"
"8002038","obinutuzumab","Active","20141128"
"8001588","bevacizumab","Active","20051102"
"8001495","mefenamic acid","Active","19661231"
"8000208","beclomethasone","Active","19951231"
"8002018","catridecacog","Active","20130130"
"8001129","ozenoxacin","Active","20180104"
"8001399","mefloquine","Active","20020723"
"8001436","atovaquone","Active","19960910"
"8001942","sodium tetradecyl sulfate","Active","19871231"
"8000321","indapamide and perindopril","Active","20021219"
"8001462","eslicarbazepine","Active","20140807"
"8001301","primidone","Active","19771231"
"8002014","brigatinib","Active","20180831"
"8001362","cloxacillin","Active","19751231"
"8002340","tibolone","Active","20200729"
"8000969","estradiol and levonorgestrel","Inactive","20171130"
"8001105","zolmitriptan","Active","19980930"
"8002268","abemaciclib","Active","20190703"
"8002330","alpelisib","Active","20200629"
"8001494","macitentan","Active","20140115"
"8000921","misoprostol","Active","20010618"
"8000842","nadolol","Active","19881231"
"8001977","trifluoperazine","Active","19751231"
"8002052","papaverine","Active","19511231"
"8001187","diphenhydramine","Active","19801231"
"8000248","quetiapine","Active","19971210"
"8001152","netupitant and palonosetron","Active","20171120"
"8000920","framycetin and gramicidin and phenylephrine","Active","20010504"
"8001849","mepivacaine","Active","19771231"
"8000165","felodipine","Active","19921231"
"8002010","apalutamide","Active","20180727"
"8001067","reslizumab","Active","20161219"
"8000955","timolol and travoprost","Active","20060411"
"8001759","edoxaban","Active","20170425"
"8002384","sodium nitrite","Active","20160720"
"8000984","clindamycin and tretinoin","Active","20110516"
"8001307","tretinoin","Active","19781231"
"8001069","oxtriphylline","Inactive","20190116"
"8000204","lithium (ion)","Inactive","20180802"
"8001236","tenofovir alafenamide","Active","20170620"
"8002359","ripretinib","Active","20201210"
"8001587","bethanechol","Active","19921231"
"8001044","acetaminophen","Active","19611231"
"8001668","moclobemide","Active","19921231"
"8001458","entacapone","Active","20010621"
"8001535","tiaprofenic acid","Active","19961231"
"8002327","siponimod","Active","20200424"
"8001859","milrinone","Active","20030625"
"8001306","ticagrelor","Active","20110601"
"8001210","lamivudine","Active","19951231"
"8001018","empagliflozin and metformin","Active","20160803"
"8001556","alectinib","Active","20161014"
"8000059","acetaminophen and oxycodone","Active","19771231"
"8001427","acamprosate","Active","20070730"
"8002304","sulfacetamide","Inactive","20191004"
"8001708","calamine and pramoxine","Active","20000501"
"8001366","desloratadine","Active","20020110"
"8002270","cetrimide","Active","19901231"
"8002176","ascorbic acid and dextromethorphan and pheniramine and phenylephrine","Inactive","20200730"
"8001192","efavirenz","Active","19990325"
"8001346","cabergoline","Active","20000630"
"8002212","sodium aurothiomalate","Inactive","20190604"
"8001730","cladribine","Active","20090630"
"8001826","lanreotide","Active","20070222"
"8001657","fosfomycin","Active","19990915"
"8001553","agalsidase alfa","Active","20040318"
"8000986","tolvaptan","Active","20110922"
"8001076","cefuroxime","Active","19981027"
"8000120","ranitidine","Active","19871231"
"8001135","ocrelizumab","Active","20170921"
"8001923","rituximab","Active","20000320"
"8000122","diltiazem","Active","19881231"
"8001308","ursodiol","Active","19981108"
"8000874","cilazapril","Active","19931231"
"8000787","insulin lispro","Active","19961115"
"8000272","dorzolamide and timolol","Active","19990527"
"8002198","irinotecan (conventional)","Active","20060201"
"8001388","imipramine","Active","19751231"
"8002016","cabozantinib","Active","20181010"
"8000375","duloxetine","Active","20080118"
"8001514","propylthiouracil","Inactive","20200407"
"8001432","apraclonidine","Active","19921231"
"8002383","casirivimab and imdevimab","Active","20210729"
"8001300","pinaverium","Active","19931231"
"8001703","bismuth dipropylacetate","Active","19501231"
"8000115","glyburide","Active","19861231"
"8000069","codeine","Active","19781231"
"8002275","arginine","Active","19731231"
"8001543","vardenafil","Active","20040317"
"8001096","tamoxifen","Active","19891231"
"8000161","clobetasol","Active","19921231"
"8001805","idursulfase","Active","20070801"
"8001102","letrozole","Active","19970902"
"8000846","betamethasone dipropionate and clotrimazole","Active","19901231"
"8001684","sodium salicylate","Inactive","20200728"
"8001992","vinorelbine","Active","20041222"
"8001127","brimonidine and brinzolamide","Active","20150217"
"8001095","triazolam","Active","19891231"
"8001382","fluconazole and miconazole","Active","20121025"
"8001361","clorazepate","Active","19901231"
"8001526","silver sulfadiazine","Active","19741231"
"8000121","atenolol","Active","19881231"
"8001377","dolutegravir and rilpivirine","Active","20180604"
"8001971","trametinib","Active","20130828"
"8002204","mineral oil heavy","Active","19511231"
"8001186","didanosine","Inactive","20200402"
"8001777","flumazenil","Active","20040421"
"8000271","celecoxib","Active","19990419"
"8001287","lurasidone","Active","20120905"
"8001188","diphenhydramine and ibuprofen","Active","20110103"
"8001776","fludarabine","Active","20020924"
"8001753","diphenhydramine and menthol","Active","19970623"
"8001982","ulipristal","Active","20130704"
"8001764","epirubicin","Active","20080407"
"8000929","bosentan","Active","20011214"
"8001721","chloroxylenol and menthol","Active","19921231"
"8001500","ofatumumab","Active","20120813"
"8002367","ChAdOx1-S (recombinant)","Active","20210303"
"8002079","primaquine","Active","19451231"
"8001401","miconazole","Active","19741231"
"8001829","laronidase","Active","20040812"
"8000265","tolterodine","Active","19981123"
"8000994","acetaminophen and guaifenesin and menthol","Active","20121004"
"8000290","meloxicam","Active","20000926"
"8001682","raloxifene","Active","19981120"
"8001456","empagliflozin and linagliptin","Active","20161221"
"8002191","erenumab","Active","20181204"
"8001271","fluvastatin","Active","19941231"
"8002033","neostigmine","Active","19990528"
"8001443","cefixime","Active","19901231"
"8001855","methoxsalen","Active","20131209"
"8000214","lamotrigine","Active","19951231"
"8001078","ephedrine","Active","19661231"
"8001378","enalaprilat","Active","19921231"
"8000064","penicillin V","Active","19771231"
"8001141","avelumab","Active","20171218"
"8000303","esomeprazole","Active","20010820"
"8000045","oxycodone","Active","19731231"
"8001223","pyrazinamide","Active","19841231"
"8002265","pralatrexate","Active","20190115"
"8001629","deoxycholic acid","Active","20160127"
"8001426","zoledronic acid","Active","20041014"
"8001772","etoposide","Active","19841231"
"8001511","posaconazole","Active","20070606"
"8001525","semaglutide","Active","20180222"
"8002361","tucatinib","Active","20200827"
"8001215","meropenem","Active","19961108"
"8002180","cannabidiol and tetrahydrocannabinol","Active","20050622"
"8001355","chlorpheniramine and ibuprofen and pseudoephedrine","Active","20040802"
"8001315","lomitapide","Active","20140506"
"8001368","dextromethorphan","Active","19791231"
"8002309","neratinib","Active","20191220"
"8001883","acetaminophen and pheniramine and phenylephrine","Active","19960904"
"8001957","tetracosactide","Active","19731231"
"8001272","fluvoxamine","Active","19911231"
"8002379","zanubrutinib","Active","20210330"
"8001608","carbachol","Active","19801231"
"8000222","tacrolimus","Active","19960814"
"8001947","sufentanil","Active","20010801"
"8001407","ofloxacin","Active","19951231"
"8002003","xylometazoline","Active","19611231"
"8000879","atenolol and chlorthalidone","Active","19941231"
"8002240","dexamethasone (base) and neomycin and polymyxin B","Active","19631231"
"8001469","fluorescein","Active","19801231"
"8001824","ketoprofen","Active","19891231"
"8002335","naproxen and sumatriptan","Active","20200724"
"8001047","chlorpropamide","Inactive","20190802"
"8002344","etonogestrel","Active","20200817"
